#;qubits;operation;library;performance
1;10;build;stim;0.001555300026666373
2;10;build;stim;0.0016045999946072698
3;10;build;stim;0.0015026999753899872
4;10;build;stim;0.0015376000083051622
5;10;build;stim;0.0015601000050082803
6;10;build;stim;0.0015901000006124377
7;10;build;stim;0.001491700008045882
8;10;build;stim;0.00196460000006482
9;10;build;stim;0.0014972000499255955
10;10;build;stim;0.0015626000240445137
11;10;build;stim;0.0016391000244766474
12;10;build;stim;0.0017197999986819923
13;10;build;stim;0.0015779999666847289
14;10;build;stim;0.0015854999655857682
15;10;build;stim;0.0015233999583870173
16;10;build;stim;0.0016074000159278512
17;10;build;stim;0.0014847000129520893
18;10;build;stim;0.0015173000283539295
19;10;build;stim;0.0014814999885857105
20;10;build;stim;0.001570700027514249
21;10;build;stim;0.0016142000094987452
22;10;build;stim;0.001530699955765158
23;10;build;stim;0.00163720001000911
24;10;build;stim;0.0015907000051811337
25;10;build;stim;0.0015452000079676509
26;10;build;stim;0.0015317000215873122
27;10;build;stim;0.0015921999583952129
28;10;build;stim;0.0014662999892607331
29;10;build;stim;0.0014925000141374767
30;10;build;stim;0.0015449000056833029
1;100;build;stim;0.002323900000192225
2;100;build;stim;0.0028317999676801264
3;100;build;stim;0.002744099998380989
4;100;build;stim;0.0028126000543124974
5;100;build;stim;0.002826599986292422
6;100;build;stim;0.0026440999936312437
7;100;build;stim;0.0026559000252746046
8;100;build;stim;0.00302689999807626
9;100;build;stim;0.0025602999958209693
10;100;build;stim;0.0028626000275835395
11;100;build;stim;0.002840299974195659
12;100;build;stim;0.002779700036626309
13;100;build;stim;0.0026025999686680734
14;100;build;stim;0.0028859999729320407
15;100;build;stim;0.003921600000467151
16;100;build;stim;0.0029230000218376517
17;100;build;stim;0.0028987000114284456
18;100;build;stim;0.0027760000084526837
19;100;build;stim;0.002620500046759844
20;100;build;stim;0.002741499978583306
21;100;build;stim;0.002861300017684698
22;100;build;stim;0.0027357999933883548
23;100;build;stim;0.002785600023344159
24;100;build;stim;0.0029363000066950917
25;100;build;stim;0.002689699991606176
26;100;build;stim;0.002639800019096583
27;100;build;stim;0.0027332999743521214
28;100;build;stim;0.0026218999992124736
29;100;build;stim;0.0026894999900832772
30;100;build;stim;0.0030120000010356307
1;1000;build;stim;0.012763099977746606
2;1000;build;stim;0.014499400043860078
3;1000;build;stim;0.013583200052380562
4;1000;build;stim;0.013930900022387505
5;1000;build;stim;0.014098000014200807
6;1000;build;stim;0.013772699981927872
7;1000;build;stim;0.013686600024811924
8;1000;build;stim;0.01679229998262599
9;1000;build;stim;0.014010999992024153
10;1000;build;stim;0.014424299995880574
11;1000;build;stim;0.013526100025046617
12;1000;build;stim;0.013088200008496642
13;1000;build;stim;0.014529199979733676
14;1000;build;stim;0.013503799971658736
15;1000;build;stim;0.013490999990608543
16;1000;build;stim;0.013576500001363456
17;1000;build;stim;0.013368099986109883
18;1000;build;stim;0.013616799958981574
19;1000;build;stim;0.013782599999103695
20;1000;build;stim;0.013897299999371171
21;1000;build;stim;0.014070499979425222
22;1000;build;stim;0.013909000030253083
23;1000;build;stim;0.014633400016464293
24;1000;build;stim;0.01340689999051392
25;1000;build;stim;0.013643699989188462
26;1000;build;stim;0.014318900008220226
27;1000;build;stim;0.01353890000609681
28;1000;build;stim;0.013551899988669902
29;1000;build;stim;0.013675800000783056
30;1000;build;stim;0.013906700012739748
1;3000;build;stim;0.03819029999431223
2;3000;build;stim;0.03722250001737848
3;3000;build;stim;0.038663300045300275
4;3000;build;stim;0.03615529998205602
5;3000;build;stim;0.03702510002767667
6;3000;build;stim;0.035843699995893985
7;3000;build;stim;0.03776939999079332
8;3000;build;stim;0.03689969994593412
9;3000;build;stim;0.037378799985162914
10;3000;build;stim;0.03776899998774752
11;3000;build;stim;0.03651579999132082
12;3000;build;stim;0.03718490002211183
13;3000;build;stim;0.0338876000023447
14;3000;build;stim;0.03606659994693473
15;3000;build;stim;0.03888800001004711
16;3000;build;stim;0.036901500017847866
17;3000;build;stim;0.03885520005133003
18;3000;build;stim;0.038375499949324876
19;3000;build;stim;0.0362811999511905
20;3000;build;stim;0.037891399988438934
21;3000;build;stim;0.03688610001699999
22;3000;build;stim;0.037611400010064244
23;3000;build;stim;0.038361200015060604
24;3000;build;stim;0.03765750001184642
25;3000;build;stim;0.03763310000067577
26;3000;build;stim;0.041035300004296005
27;3000;build;stim;0.03708479995839298
28;3000;build;stim;0.03778080001939088
29;3000;build;stim;0.0378649000194855
30;3000;build;stim;0.03493339999113232
1;6000;build;stim;0.07824000000255182
2;6000;build;stim;0.07518360001267865
3;6000;build;stim;0.07360060000792146
4;6000;build;stim;0.07158980000531301
5;6000;build;stim;0.07224480004515499
6;6000;build;stim;0.07001750002382323
7;6000;build;stim;0.0745195000199601
8;6000;build;stim;0.06798569997772574
9;6000;build;stim;0.07145300001138821
10;6000;build;stim;0.07244890002766624
11;6000;build;stim;0.07018520002020523
12;6000;build;stim;0.07256440003402531
13;6000;build;stim;0.07256689999485388
14;6000;build;stim;0.07023130002198741
15;6000;build;stim;0.0661056999815628
16;6000;build;stim;0.0694874000037089
17;6000;build;stim;0.07399200001964346
18;6000;build;stim;0.07010720000835136
19;6000;build;stim;0.07031549996463582
20;6000;build;stim;0.07036189996870235
21;6000;build;stim;0.07296439999481663
22;6000;build;stim;0.07117090001702309
23;6000;build;stim;0.07379589998163283
24;6000;build;stim;0.07282790000317618
25;6000;build;stim;0.06877529999474064
26;6000;build;stim;0.07097350002732128
27;6000;build;stim;0.07295579998753965
28;6000;build;stim;0.07262099999934435
29;6000;build;stim;0.07035309995990247
30;6000;build;stim;0.07010579999769107
1;8000;build;stim;0.09831339999800548
2;8000;build;stim;0.10025339998537675
3;8000;build;stim;0.09462839999468997
4;8000;build;stim;0.09276969998609275
5;8000;build;stim;0.09287470002891496
6;8000;build;stim;0.09897749999072403
7;8000;build;stim;0.09024879999924451
8;8000;build;stim;0.0934582999907434
9;8000;build;stim;0.09788620000472292
10;8000;build;stim;0.09406229999149218
11;8000;build;stim;0.0917584000271745
12;8000;build;stim;0.09807320003164932
13;8000;build;stim;0.09543400001712143
14;8000;build;stim;0.09631350002018735
15;8000;build;stim;0.0970515999943018
16;8000;build;stim;0.09176059998571873
17;8000;build;stim;0.09121629997389391
18;8000;build;stim;0.09623580001061782
19;8000;build;stim;0.09340589999919757
20;8000;build;stim;0.09395930002210662
21;8000;build;stim;0.09480190003523603
22;8000;build;stim;0.09613640001043677
23;8000;build;stim;0.0920365999918431
24;8000;build;stim;0.09446590003790334
25;8000;build;stim;0.09054239996476099
26;8000;build;stim;0.09894340002210811
27;8000;build;stim;0.09153840004000813
28;8000;build;stim;0.0935324999736622
29;8000;build;stim;0.10788450000109151
30;8000;build;stim;0.08845139999175444
1;10000;build;stim;0.12318330002017319
2;10000;build;stim;0.15098169998964295
3;10000;build;stim;0.12087419995805249
4;10000;build;stim;0.12362529995152727
5;10000;build;stim;0.11490479996427894
6;10000;build;stim;0.11488690000260249
7;10000;build;stim;0.11212050000904128
8;10000;build;stim;0.11800330004189163
9;10000;build;stim;0.11623770004371181
10;10000;build;stim;0.11630530003458261
11;10000;build;stim;0.11590149998664856
12;10000;build;stim;0.1267134000081569
13;10000;build;stim;0.11830979998921975
14;10000;build;stim;0.1261341999634169
15;10000;build;stim;0.1129742999910377
16;10000;build;stim;0.11812290002126247
17;10000;build;stim;0.1174851999967359
18;10000;build;stim;0.1151081999996677
19;10000;build;stim;0.12134099996183068
20;10000;build;stim;0.11363199999323115
21;10000;build;stim;0.11179150000680238
22;10000;build;stim;0.12388600001577288
23;10000;build;stim;0.10973909997846931
24;10000;build;stim;0.11820379999699071
25;10000;build;stim;0.11521220003487542
26;10000;build;stim;0.11808379995636642
27;10000;build;stim;0.1182060000137426
28;10000;build;stim;0.12007080001058057
29;10000;build;stim;0.11428399995202199
30;10000;build;stim;0.10889949998818338
1;12000;build;stim;0.14395489997696131
2;12000;build;stim;0.14097439998295158
3;12000;build;stim;0.14127909997478127
4;12000;build;stim;0.144570600008592
5;12000;build;stim;0.13686470000538975
6;12000;build;stim;0.14060419995803386
7;12000;build;stim;0.13615969999227673
8;12000;build;stim;0.13444249995518476
9;12000;build;stim;0.1394200999638997
10;12000;build;stim;0.14571710000745952
11;12000;build;stim;0.1373445000499487
12;12000;build;stim;0.14645459997700527
13;12000;build;stim;0.14588399999774992
14;12000;build;stim;0.13249499996891245
15;12000;build;stim;0.1409577999729663
16;12000;build;stim;0.13109689997509122
17;12000;build;stim;0.14099520002491772
18;12000;build;stim;0.1403703999822028
19;12000;build;stim;0.13996849994873628
20;12000;build;stim;0.14275020000059158
21;12000;build;stim;0.14564140001311898
22;12000;build;stim;0.13956509996205568
23;12000;build;stim;0.13553839997621253
24;12000;build;stim;0.14747940003871918
25;12000;build;stim;0.14397269999608397
26;12000;build;stim;0.14225710002938285
27;12000;build;stim;0.13522600004216656
28;12000;build;stim;0.1368753999704495
29;12000;build;stim;0.14495719998376444
30;12000;build;stim;0.13562250003451481
1;10;build;paulie;0.0011352000292390585
2;10;build;paulie;0.0015574999852105975
3;10;build;paulie;0.001265500031877309
4;10;build;paulie;0.001213999988976866
5;10;build;paulie;0.001262500009033829
6;10;build;paulie;0.001615599961951375
7;10;build;paulie;0.0014687000075355172
8;10;build;paulie;0.0013188999728299677
9;10;build;paulie;0.0012396000092849135
10;10;build;paulie;0.0013348000356927514
11;10;build;paulie;0.0013445999938994646
12;10;build;paulie;0.0013247000169940293
13;10;build;paulie;0.0012645000242628157
14;10;build;paulie;0.001357699977234006
15;10;build;paulie;0.0012942000175826252
16;10;build;paulie;0.0013451999984681606
17;10;build;paulie;0.0016649000463075936
18;10;build;paulie;0.0013983999961055815
19;10;build;paulie;0.0013170000165700912
20;10;build;paulie;0.00135570002021268
21;10;build;paulie;0.0013714999658986926
22;10;build;paulie;0.0012376999948173761
23;10;build;paulie;0.0013547000125981867
24;10;build;paulie;0.00133500003721565
25;10;build;paulie;0.0012823999859392643
26;10;build;paulie;0.0013986999983899295
27;10;build;paulie;0.0013018000172451138
28;10;build;paulie;0.0014223000034689903
29;10;build;paulie;0.001294099958613515
30;10;build;paulie;0.001306299993302673
1;100;build;paulie;0.002303800021763891
2;100;build;paulie;0.002565800037700683
3;100;build;paulie;0.0026461000088602304
4;100;build;paulie;0.00270690000616014
5;100;build;paulie;0.0026304000057280064
6;100;build;paulie;0.0028490000404417515
7;100;build;paulie;0.0025462000048719347
8;100;build;paulie;0.00318539998261258
9;100;build;paulie;0.0026513999910093844
10;100;build;paulie;0.002640000020619482
11;100;build;paulie;0.0026446999981999397
12;100;build;paulie;0.0027270999853499234
13;100;build;paulie;0.002752100001089275
14;100;build;paulie;0.002646800014190376
15;100;build;paulie;0.0029516000067815185
16;100;build;paulie;0.0028433999978005886
17;100;build;paulie;0.002566399984061718
18;100;build;paulie;0.0027700000209733844
19;100;build;paulie;0.0027042999863624573
20;100;build;paulie;0.0024784000124782324
21;100;build;paulie;0.0027434000512585044
22;100;build;paulie;0.002432999957818538
23;100;build;paulie;0.0026866000262089074
24;100;build;paulie;0.002799700014293194
25;100;build;paulie;0.002735600050073117
26;100;build;paulie;0.0025523999938741326
27;100;build;paulie;0.0026556000229902565
28;100;build;paulie;0.0025958999758586287
29;100;build;paulie;0.002505799988284707
30;100;build;paulie;0.002506399992853403
1;1000;build;paulie;0.013687700033187866
2;1000;build;paulie;0.01591250003548339
3;1000;build;paulie;0.0158102999557741
4;1000;build;paulie;0.01727250003023073
5;1000;build;paulie;0.015340100042521954
6;1000;build;paulie;0.0160650999750942
7;1000;build;paulie;0.016068299999460578
8;1000;build;paulie;0.01982230000430718
9;1000;build;paulie;0.016034700034651905
10;1000;build;paulie;0.016210700036026537
11;1000;build;paulie;0.016472099989186972
12;1000;build;paulie;0.016099699947517365
13;1000;build;paulie;0.015474499959964305
14;1000;build;paulie;0.014949499978683889
15;1000;build;paulie;0.016088099975604564
16;1000;build;paulie;0.016069900011643767
17;1000;build;paulie;0.01619260001461953
18;1000;build;paulie;0.016138700011651963
19;1000;build;paulie;0.01676430000225082
20;1000;build;paulie;0.015598499972838908
21;1000;build;paulie;0.015786799951456487
22;1000;build;paulie;0.015807899995706975
23;1000;build;paulie;0.015379600052256137
24;1000;build;paulie;0.016220299992710352
25;1000;build;paulie;0.016508599976077676
26;1000;build;paulie;0.01547380001284182
27;1000;build;paulie;0.016625499993097037
28;1000;build;paulie;0.016185900021810085
29;1000;build;paulie;0.12117540003964677
30;1000;build;paulie;0.01635270001133904
1;3000;build;paulie;0.045059400028549135
2;3000;build;paulie;0.04381990002002567
3;3000;build;paulie;0.046115699980873615
4;3000;build;paulie;0.048552800028119236
5;3000;build;paulie;0.04622170003131032
6;3000;build;paulie;0.043241399980615824
7;3000;build;paulie;0.04501520004123449
8;3000;build;paulie;0.044562900031451136
9;3000;build;paulie;0.04674660001182929
10;3000;build;paulie;0.04566579998936504
11;3000;build;paulie;0.044383600004948676
12;3000;build;paulie;0.044942500011529773
13;3000;build;paulie;0.04319139994913712
14;3000;build;paulie;0.04553860001033172
15;3000;build;paulie;0.04531360004330054
16;3000;build;paulie;0.045969200029503554
17;3000;build;paulie;0.045163100003264844
18;3000;build;paulie;0.04673419997561723
19;3000;build;paulie;0.04511629999615252
20;3000;build;paulie;0.04705280001508072
21;3000;build;paulie;0.045007600041572005
22;3000;build;paulie;0.0454792000236921
23;3000;build;paulie;0.04508810001425445
24;3000;build;paulie;0.04522169998381287
25;3000;build;paulie;0.04614620003849268
26;3000;build;paulie;0.04499629995552823
27;3000;build;paulie;0.044345100002828985
28;3000;build;paulie;0.045274100033566356
29;3000;build;paulie;0.04383919999236241
30;3000;build;paulie;0.04409689997555688
1;6000;build;paulie;0.08894529996905476
2;6000;build;paulie;0.09166629996616393
3;6000;build;paulie;0.08827300003031269
4;6000;build;paulie;0.09213910001562908
5;6000;build;paulie;0.08955139998579398
6;6000;build;paulie;0.08703049999894574
7;6000;build;paulie;0.08718329999828711
8;6000;build;paulie;0.09116379998158664
9;6000;build;paulie;0.09067299996968359
10;6000;build;paulie;0.08618330000899732
11;6000;build;paulie;0.0865588000160642
12;6000;build;paulie;0.08127799996873364
13;6000;build;paulie;0.08587960002478212
14;6000;build;paulie;0.08879730000626296
15;6000;build;paulie;0.08922510000411421
16;6000;build;paulie;0.08586589997867122
17;6000;build;paulie;0.08575269998982549
18;6000;build;paulie;0.08762879995629191
19;6000;build;paulie;0.08578999998280779
20;6000;build;paulie;0.08684539998648688
21;6000;build;paulie;0.09076300001470372
22;6000;build;paulie;0.08636170002864674
23;6000;build;paulie;0.08670960000017658
24;6000;build;paulie;0.0873097000294365
25;6000;build;paulie;0.08983190002618358
26;6000;build;paulie;0.08380459999898449
27;6000;build;paulie;0.08821369998622686
28;6000;build;paulie;0.08632020000368357
29;6000;build;paulie;0.0905096999485977
30;6000;build;paulie;0.09139419998973608
1;8000;build;paulie;0.12575120001565665
2;8000;build;paulie;0.11813270003767684
3;8000;build;paulie;0.11200770002324134
4;8000;build;paulie;0.11473319999640808
5;8000;build;paulie;0.11384470004122704
6;8000;build;paulie;0.11311169998953119
7;8000;build;paulie;0.11193969997111708
8;8000;build;paulie;0.12143999995896593
9;8000;build;paulie;0.11726500000804663
10;8000;build;paulie;0.11563479999313131
11;8000;build;paulie;0.11899180000182241
12;8000;build;paulie;0.1165795000270009
13;8000;build;paulie;0.11135330004617572
14;8000;build;paulie;0.1185459999833256
15;8000;build;paulie;0.11840039998060092
16;8000;build;paulie;0.12009659997420385
17;8000;build;paulie;0.11906289996113628
18;8000;build;paulie;0.1167583999922499
19;8000;build;paulie;0.11813990003429353
20;8000;build;paulie;0.11928189999889582
21;8000;build;paulie;0.11853629996767268
22;8000;build;paulie;0.11823289998574182
23;8000;build;paulie;0.11405760003253818
24;8000;build;paulie;0.10961769998539239
25;8000;build;paulie;0.12020579999079928
26;8000;build;paulie;0.1150089000002481
27;8000;build;paulie;0.1162252000067383
28;8000;build;paulie;0.12085970002226532
29;8000;build;paulie;0.15383520000614226
30;8000;build;paulie;0.11756149999564514
1;10000;build;paulie;0.15064910001819953
2;10000;build;paulie;0.18692659999942407
3;10000;build;paulie;0.1458152000559494
4;10000;build;paulie;0.14878579997457564
5;10000;build;paulie;0.15232679998734966
6;10000;build;paulie;0.14280920004239306
7;10000;build;paulie;0.14878990000579506
8;10000;build;paulie;0.1422881000326015
9;10000;build;paulie;0.14617419999558479
10;10000;build;paulie;0.14760789996944368
11;10000;build;paulie;0.15289869997650385
12;10000;build;paulie;0.14668250002432615
13;10000;build;paulie;0.14286429999629036
14;10000;build;paulie;0.1482153999968432
15;10000;build;paulie;0.1731895999982953
16;10000;build;paulie;0.14825470000505447
17;10000;build;paulie;0.15134579996811226
18;10000;build;paulie;0.14635769999586046
19;10000;build;paulie;0.15021340001840144
20;10000;build;paulie;0.15300479996949434
21;10000;build;paulie;0.15297049999935552
22;10000;build;paulie;0.15004099998623133
23;10000;build;paulie;0.1483991999994032
24;10000;build;paulie;0.1421775000053458
25;10000;build;paulie;0.15034560003550723
26;10000;build;paulie;0.1484179000253789
27;10000;build;paulie;0.14834229997359216
28;10000;build;paulie;0.14477569999871776
29;10000;build;paulie;0.14881069998955354
30;10000;build;paulie;0.14620069996453822
1;12000;build;paulie;0.1859132000245154
2;12000;build;paulie;0.17418410000391304
3;12000;build;paulie;0.1807725999969989
4;12000;build;paulie;0.1840853999601677
5;12000;build;paulie;0.1758210000116378
6;12000;build;paulie;0.1766646000323817
7;12000;build;paulie;0.17296169995097443
8;12000;build;paulie;0.17344839998986572
9;12000;build;paulie;0.17539019999094307
10;12000;build;paulie;0.17692370002623647
11;12000;build;paulie;0.17431329999817535
12;12000;build;paulie;0.17645580001408234
13;12000;build;paulie;0.17696810001507401
14;12000;build;paulie;0.17028930003289133
15;12000;build;paulie;0.18689650000305846
16;12000;build;paulie;0.1753117999760434
17;12000;build;paulie;0.17999979999149218
18;12000;build;paulie;0.17060610000044107
19;12000;build;paulie;0.1760898000211455
20;12000;build;paulie;0.1751157999970019
21;12000;build;paulie;0.18273139995289966
22;12000;build;paulie;0.18066240003099665
23;12000;build;paulie;0.17740139999659732
24;12000;build;paulie;0.1776594999828376
25;12000;build;paulie;0.17438070004573092
26;12000;build;paulie;0.16902879998087883
27;12000;build;paulie;0.18011690001003444
28;12000;build;paulie;0.1769139000098221
29;12000;build;paulie;0.18157960003009066
30;12000;build;paulie;0.17572429997380823
1;10;build;pauliarray;0.01869640004588291
2;10;build;pauliarray;0.02125220000743866
3;10;build;pauliarray;0.019851200049743056
4;10;build;pauliarray;0.02176189998863265
5;10;build;pauliarray;0.020743499975651503
6;10;build;pauliarray;0.020187599991913885
7;10;build;pauliarray;0.021029499999713153
8;10;build;pauliarray;0.0210120000410825
9;10;build;pauliarray;0.019888699986040592
10;10;build;pauliarray;0.020744299981743097
11;10;build;pauliarray;0.0203662000130862
12;10;build;pauliarray;0.022752300021238625
13;10;build;pauliarray;0.021803600015118718
14;10;build;pauliarray;0.02046080003492534
15;10;build;pauliarray;0.020270299981348217
16;10;build;pauliarray;0.01974379998864606
17;10;build;pauliarray;0.019876100006513298
18;10;build;pauliarray;0.021072500036098063
19;10;build;pauliarray;0.021193799970205873
20;10;build;pauliarray;0.022651799954473972
21;10;build;pauliarray;0.0205703999963589
22;10;build;pauliarray;0.019557899970095605
23;10;build;pauliarray;0.019626300025265664
24;10;build;pauliarray;0.021700199984479696
25;10;build;pauliarray;0.01990839996142313
26;10;build;pauliarray;0.02011290000518784
27;10;build;pauliarray;0.02130089997081086
28;10;build;pauliarray;0.021188799990341067
29;10;build;pauliarray;0.02219869999680668
30;10;build;pauliarray;0.019228800025302917
1;100;build;pauliarray;0.03515730000799522
2;100;build;pauliarray;0.039913799962960184
3;100;build;pauliarray;0.0417676999932155
4;100;build;pauliarray;0.0467190999770537
5;100;build;pauliarray;0.0398758000228554
6;100;build;pauliarray;0.03793839999707416
7;100;build;pauliarray;0.040220399969257414
8;100;build;pauliarray;0.05115510005271062
9;100;build;pauliarray;0.04068340000230819
10;100;build;pauliarray;0.037810999958310276
11;100;build;pauliarray;0.04168239998398349
12;100;build;pauliarray;0.03737450001062825
13;100;build;pauliarray;0.038510599988512695
14;100;build;pauliarray;0.03763590002199635
15;100;build;pauliarray;0.04896129999542609
16;100;build;pauliarray;0.042223400028888136
17;100;build;pauliarray;0.03995140001643449
18;100;build;pauliarray;0.03861009998945519
19;100;build;pauliarray;0.03917649999493733
20;100;build;pauliarray;0.03720220003742725
21;100;build;pauliarray;0.04167889995733276
22;100;build;pauliarray;0.04032299999380484
23;100;build;pauliarray;0.037116300023626536
24;100;build;pauliarray;0.03839069994864985
25;100;build;pauliarray;0.03948070004116744
26;100;build;pauliarray;0.04016629996476695
27;100;build;pauliarray;0.040542100032325834
28;100;build;pauliarray;0.040335899975616485
29;100;build;pauliarray;0.04236979997949675
30;100;build;pauliarray;0.04102300002705306
1;1000;build;pauliarray;0.23270210000919178
2;1000;build;pauliarray;0.2401634000125341
3;1000;build;pauliarray;0.25645210000220686
4;1000;build;pauliarray;0.22619770001620054
5;1000;build;pauliarray;0.24926490004872903
6;1000;build;pauliarray;0.2427717000246048
7;1000;build;pauliarray;0.23440920002758503
8;1000;build;pauliarray;0.29380790004506707
9;1000;build;pauliarray;0.24245120002888143
10;1000;build;pauliarray;0.23605360003421083
11;1000;build;pauliarray;0.2368580000475049
12;1000;build;pauliarray;0.23836860002484173
13;1000;build;pauliarray;0.24373700004070997
14;1000;build;pauliarray;0.23315449996152893
15;1000;build;pauliarray;0.24466550000943244
16;1000;build;pauliarray;0.251834399998188
17;1000;build;pauliarray;0.23347119998652488
18;1000;build;pauliarray;0.24324740003794432
19;1000;build;pauliarray;0.24352409999119118
20;1000;build;pauliarray;0.24257480003871024
21;1000;build;pauliarray;0.23558300000149757
22;1000;build;pauliarray;0.24140749999787658
23;1000;build;pauliarray;0.23462270002346486
24;1000;build;pauliarray;0.23730199999408796
25;1000;build;pauliarray;0.24544240004615858
26;1000;build;pauliarray;0.23508270003367215
27;1000;build;pauliarray;0.2332557999761775
28;1000;build;pauliarray;0.2428640000289306
29;1000;build;pauliarray;0.2521192000131123
30;1000;build;pauliarray;0.23407089995453134
1;3000;build;pauliarray;0.6835488000069745
2;3000;build;pauliarray;0.6722839999711141
3;3000;build;pauliarray;0.697627299989108
4;3000;build;pauliarray;0.7052128000068478
5;3000;build;pauliarray;0.7029783999896608
6;3000;build;pauliarray;0.7019852999947034
7;3000;build;pauliarray;0.6976477000280283
8;3000;build;pauliarray;0.714329699985683
9;3000;build;pauliarray;0.6953790000407025
10;3000;build;pauliarray;0.6932567000039853
11;3000;build;pauliarray;0.7018095999956131
12;3000;build;pauliarray;0.7018919000402093
13;3000;build;pauliarray;0.6906473999843001
14;3000;build;pauliarray;0.7049784000264481
15;3000;build;pauliarray;0.6844024999882095
16;3000;build;pauliarray;0.7098969999933615
17;3000;build;pauliarray;0.6865101999719627
18;3000;build;pauliarray;0.6876278999843635
19;3000;build;pauliarray;0.7017724000033922
20;3000;build;pauliarray;0.6974150000023656
21;3000;build;pauliarray;0.6933410000056028
22;3000;build;pauliarray;0.7157913999981247
23;3000;build;pauliarray;0.6941932000336237
24;3000;build;pauliarray;0.7200714999926277
25;3000;build;pauliarray;0.6803963999846019
26;3000;build;pauliarray;0.6978352000005543
27;3000;build;pauliarray;0.6877701000194065
28;3000;build;pauliarray;0.6785378000349738
29;3000;build;pauliarray;0.6976525000063702
30;3000;build;pauliarray;0.6898124999715947
1;6000;build;pauliarray;1.4173965000081807
2;6000;build;pauliarray;1.3563688999856822
3;6000;build;pauliarray;1.3959741999860853
4;6000;build;pauliarray;1.3907846999936737
5;6000;build;pauliarray;1.3694878000533208
6;6000;build;pauliarray;1.476873199979309
7;6000;build;pauliarray;1.3598893000162207
8;6000;build;pauliarray;1.375429500010796
9;6000;build;pauliarray;1.3547987000201829
10;6000;build;pauliarray;1.353985299996566
11;6000;build;pauliarray;1.509470799996052
12;6000;build;pauliarray;1.3737840999965556
13;6000;build;pauliarray;1.3691620000172406
14;6000;build;pauliarray;1.3854082999750972
15;6000;build;pauliarray;1.3633425000007264
16;6000;build;pauliarray;1.4033811999834143
17;6000;build;pauliarray;1.3889885999960825
18;6000;build;pauliarray;1.3858500000205822
19;6000;build;pauliarray;1.3989100999897346
20;6000;build;pauliarray;1.3665780000155792
21;6000;build;pauliarray;1.365994399995543
22;6000;build;pauliarray;1.3690103000262752
23;6000;build;pauliarray;1.3745056000188924
24;6000;build;pauliarray;1.369003999978304
25;6000;build;pauliarray;1.3417877000174485
26;6000;build;pauliarray;1.3703980999998748
27;6000;build;pauliarray;1.3882739000255242
28;6000;build;pauliarray;1.3705100999795832
29;6000;build;pauliarray;1.3858948000124656
30;6000;build;pauliarray;1.350087300001178
1;8000;build;pauliarray;1.8145303000346757
2;8000;build;pauliarray;1.7897451000171714
3;8000;build;pauliarray;1.8184928999980912
4;8000;build;pauliarray;1.799641599995084
5;8000;build;pauliarray;1.838643900002353
6;8000;build;pauliarray;1.8549563999986276
7;8000;build;pauliarray;1.8394711000146344
8;8000;build;pauliarray;1.826265899988357
9;8000;build;pauliarray;1.820107699953951
10;8000;build;pauliarray;1.8283131999778561
11;8000;build;pauliarray;1.9040016999933869
12;8000;build;pauliarray;1.82822640001541
13;8000;build;pauliarray;1.8251205999986269
14;8000;build;pauliarray;1.8667145000072196
15;8000;build;pauliarray;1.8250565999769606
16;8000;build;pauliarray;1.8385015000239946
17;8000;build;pauliarray;1.8186559999594465
18;8000;build;pauliarray;1.8151882999809459
19;8000;build;pauliarray;1.8192092000390403
20;8000;build;pauliarray;1.8034051999566145
21;8000;build;pauliarray;1.7990234000026248
22;8000;build;pauliarray;1.8379275999614038
23;8000;build;pauliarray;1.8438258999958634
24;8000;build;pauliarray;1.8222595999832265
25;8000;build;pauliarray;1.8369628000073135
26;8000;build;pauliarray;1.8312562000355683
27;8000;build;pauliarray;1.8313218000112101
28;8000;build;pauliarray;1.8144270000047982
29;8000;build;pauliarray;1.8514613999868743
30;8000;build;pauliarray;1.8246062000398524
1;10000;build;pauliarray;2.2368573999847285
2;10000;build;pauliarray;2.892499399953522
3;10000;build;pauliarray;2.25560640002368
4;10000;build;pauliarray;2.277216700022109
5;10000;build;pauliarray;2.2779128999682143
6;10000;build;pauliarray;2.2595532999839634
7;10000;build;pauliarray;2.2897055000066757
8;10000;build;pauliarray;2.279494699963834
9;10000;build;pauliarray;2.287743499968201
10;10000;build;pauliarray;2.2677397000370547
11;10000;build;pauliarray;2.2942156000062823
12;10000;build;pauliarray;2.2834384000161663
13;10000;build;pauliarray;2.284616500022821
14;10000;build;pauliarray;2.2708190999692306
15;10000;build;pauliarray;2.421827599988319
16;10000;build;pauliarray;2.4300329000107013
17;10000;build;pauliarray;2.27223140001297
18;10000;build;pauliarray;2.2425188000197522
19;10000;build;pauliarray;2.292719400022179
20;10000;build;pauliarray;2.2699526000069454
21;10000;build;pauliarray;2.284802899986971
22;10000;build;pauliarray;2.287918899965007
23;10000;build;pauliarray;2.266017700021621
24;10000;build;pauliarray;2.2734218999976292
25;10000;build;pauliarray;2.2919416000368074
26;10000;build;pauliarray;2.2766545999911614
27;10000;build;pauliarray;2.2665970999514684
28;10000;build;pauliarray;2.308895099966321
29;10000;build;pauliarray;2.299977399990894
30;10000;build;pauliarray;2.2543655000044964
1;12000;build;pauliarray;2.69919439998921
2;12000;build;pauliarray;2.6952404000330716
3;12000;build;pauliarray;2.717824599996675
4;12000;build;pauliarray;2.7236823000130244
5;12000;build;pauliarray;2.735683999955654
6;12000;build;pauliarray;2.728798799973447
7;12000;build;pauliarray;2.7113365000113845
8;12000;build;pauliarray;2.7233896999969147
9;12000;build;pauliarray;2.7640405999845825
10;12000;build;pauliarray;2.7437930000014603
11;12000;build;pauliarray;2.7027021999820136
12;12000;build;pauliarray;2.6963528000051156
13;12000;build;pauliarray;2.7054993000347167
14;12000;build;pauliarray;2.7027436000062153
15;12000;build;pauliarray;2.7122160000144504
16;12000;build;pauliarray;2.7159562000306323
17;12000;build;pauliarray;2.7605798000004143
18;12000;build;pauliarray;2.728390399948694
19;12000;build;pauliarray;2.6850992999970913
20;12000;build;pauliarray;2.7357898999471217
21;12000;build;pauliarray;2.725027400010731
22;12000;build;pauliarray;2.7274142000242136
23;12000;build;pauliarray;2.728438400023151
24;12000;build;pauliarray;2.7188315000385046
25;12000;build;pauliarray;2.6973608000553213
26;12000;build;pauliarray;2.7395660000038333
27;12000;build;pauliarray;2.7418308000196703
28;12000;build;pauliarray;2.7160777000244707
29;12000;build;pauliarray;2.7163582000066526
30;12000;build;pauliarray;2.7233791000326164
1;10;commutes_with;stim;0.3563435999676585
2;10;commutes_with;stim;0.40417160000652075
3;10;commutes_with;stim;0.6051527999807149
4;10;commutes_with;stim;0.41456489998381585
5;10;commutes_with;stim;0.4117385999998078
6;10;commutes_with;stim;0.4218092000228353
7;10;commutes_with;stim;0.4265443999902345
8;10;commutes_with;stim;0.41307820001384243
9;10;commutes_with;stim;0.4145334000349976
10;10;commutes_with;stim;0.41354559996398166
11;10;commutes_with;stim;0.45787189999828115
12;10;commutes_with;stim;0.5867794000077993
13;10;commutes_with;stim;0.41169199999421835
14;10;commutes_with;stim;0.41189360001590103
15;10;commutes_with;stim;0.4070843000081368
16;10;commutes_with;stim;0.600304999970831
17;10;commutes_with;stim;0.4139783999999054
18;10;commutes_with;stim;0.41423809999832883
19;10;commutes_with;stim;0.4170723999850452
20;10;commutes_with;stim;0.41526059998432174
21;10;commutes_with;stim;0.43691290001152083
22;10;commutes_with;stim;0.4092415000195615
23;10;commutes_with;stim;0.42438149999361485
24;10;commutes_with;stim;0.42305479996139184
25;10;commutes_with;stim;0.41638279997278005
26;10;commutes_with;stim;0.41138310002861544
27;10;commutes_with;stim;0.41207100002793595
28;10;commutes_with;stim;0.4151506999623962
29;10;commutes_with;stim;0.41830610000761226
30;10;commutes_with;stim;0.414120500034187
1;100;commutes_with;stim;0.3674642000114545
2;100;commutes_with;stim;0.4150099999969825
3;100;commutes_with;stim;0.409500100009609
4;100;commutes_with;stim;0.40480449999449775
5;100;commutes_with;stim;0.42564289999427274
6;100;commutes_with;stim;0.42024249996757135
7;100;commutes_with;stim;0.412255399976857
8;100;commutes_with;stim;0.5115923000266775
9;100;commutes_with;stim;0.4161818000138737
10;100;commutes_with;stim;0.40599789994303137
11;100;commutes_with;stim;0.4188682999811135
12;100;commutes_with;stim;0.4122759999590926
13;100;commutes_with;stim;0.42560600000433624
14;100;commutes_with;stim;0.4261653999565169
15;100;commutes_with;stim;0.49702569999499246
16;100;commutes_with;stim;0.4136286999564618
17;100;commutes_with;stim;1.0370712000294589
18;100;commutes_with;stim;0.4165736000286415
19;100;commutes_with;stim;0.4104743000352755
20;100;commutes_with;stim;1.0544840999646112
21;100;commutes_with;stim;0.42497390002245083
22;100;commutes_with;stim;0.41521929996088147
23;100;commutes_with;stim;0.42246619996149093
24;100;commutes_with;stim;0.41748200001893565
25;100;commutes_with;stim;0.4187487000017427
26;100;commutes_with;stim;0.4138422000105493
27;100;commutes_with;stim;0.4119644000311382
28;100;commutes_with;stim;0.4124599000206217
29;100;commutes_with;stim;0.4259233999764547
30;100;commutes_with;stim;0.41501669998979196
1;1000;commutes_with;stim;0.37850509997224435
2;1000;commutes_with;stim;0.41702140000415966
3;1000;commutes_with;stim;0.4171059000073001
4;1000;commutes_with;stim;0.41767549997894093
5;1000;commutes_with;stim;0.4314794999663718
6;1000;commutes_with;stim;0.4113511999603361
7;1000;commutes_with;stim;0.42200630001025274
8;1000;commutes_with;stim;0.5068171999882907
9;1000;commutes_with;stim;0.42885430000023916
10;1000;commutes_with;stim;0.42913750000298023
11;1000;commutes_with;stim;0.43017310003051534
12;1000;commutes_with;stim;0.42135369998868555
13;1000;commutes_with;stim;0.427468299982138
14;1000;commutes_with;stim;0.43006749998312443
15;1000;commutes_with;stim;0.4180336000281386
16;1000;commutes_with;stim;0.41109269997105
17;1000;commutes_with;stim;0.42102129996055737
18;1000;commutes_with;stim;0.4225888000219129
19;1000;commutes_with;stim;0.4151092999964021
20;1000;commutes_with;stim;0.4173756999662146
21;1000;commutes_with;stim;0.41919029998825863
22;1000;commutes_with;stim;0.421468399988953
23;1000;commutes_with;stim;0.4231066000065766
24;1000;commutes_with;stim;0.4189617999945767
25;1000;commutes_with;stim;0.4238461999921128
26;1000;commutes_with;stim;0.42208049999317154
27;1000;commutes_with;stim;0.4233746999525465
28;1000;commutes_with;stim;0.41738769999938086
29;1000;commutes_with;stim;0.42501859995536506
30;1000;commutes_with;stim;0.41755340003874153
1;3000;commutes_with;stim;0.45359889999963343
2;3000;commutes_with;stim;0.44144670001696795
3;3000;commutes_with;stim;0.43419530004030094
4;3000;commutes_with;stim;0.44025330001022667
5;3000;commutes_with;stim;0.42736040003364906
6;3000;commutes_with;stim;0.44694449997041374
7;3000;commutes_with;stim;0.4459050999721512
8;3000;commutes_with;stim;0.4298201000201516
9;3000;commutes_with;stim;0.43047580000711605
10;3000;commutes_with;stim;0.44432299997424707
11;3000;commutes_with;stim;0.442529599997215
12;3000;commutes_with;stim;0.44129420001991093
13;3000;commutes_with;stim;0.43001599999843165
14;3000;commutes_with;stim;0.4385994999902323
15;3000;commutes_with;stim;0.4430032999953255
16;3000;commutes_with;stim;0.44175200001336634
17;3000;commutes_with;stim;0.45020219997968525
18;3000;commutes_with;stim;0.44759170000907034
19;3000;commutes_with;stim;0.44313460000557825
20;3000;commutes_with;stim;0.43392539996420965
21;3000;commutes_with;stim;0.4303426999831572
22;3000;commutes_with;stim;0.41130770003655925
23;3000;commutes_with;stim;0.44590579997748137
24;3000;commutes_with;stim;0.43649230001028627
25;3000;commutes_with;stim;0.42181169998366386
26;3000;commutes_with;stim;0.4671694000135176
27;3000;commutes_with;stim;0.44983230001525953
28;3000;commutes_with;stim;0.44554029998835176
29;3000;commutes_with;stim;0.4405473999795504
30;3000;commutes_with;stim;0.4383271000115201
1;6000;commutes_with;stim;0.46694239997304976
2;6000;commutes_with;stim;0.4772223000181839
3;6000;commutes_with;stim;0.4762057999614626
4;6000;commutes_with;stim;0.47064530005445704
5;6000;commutes_with;stim;0.47162319999188185
6;6000;commutes_with;stim;0.4640654000104405
7;6000;commutes_with;stim;0.45765559998108074
8;6000;commutes_with;stim;0.4685611999593675
9;6000;commutes_with;stim;0.45702889998210594
10;6000;commutes_with;stim;0.4550168000278063
11;6000;commutes_with;stim;0.49144660000456497
12;6000;commutes_with;stim;0.4711367000127211
13;6000;commutes_with;stim;0.47322279994841665
14;6000;commutes_with;stim;0.48146830004407093
15;6000;commutes_with;stim;0.4682710000197403
16;6000;commutes_with;stim;0.456743499962613
17;6000;commutes_with;stim;0.4594883000245318
18;6000;commutes_with;stim;0.45975959999486804
19;6000;commutes_with;stim;0.46950459998333827
20;6000;commutes_with;stim;0.46698089997516945
21;6000;commutes_with;stim;0.4687940999865532
22;6000;commutes_with;stim;0.46746409998741
23;6000;commutes_with;stim;0.4571445000474341
24;6000;commutes_with;stim;0.4733873999794014
25;6000;commutes_with;stim;0.4654399999999441
26;6000;commutes_with;stim;0.44725569995353
27;6000;commutes_with;stim;0.4713315000408329
28;6000;commutes_with;stim;0.47466299997176975
29;6000;commutes_with;stim;0.47520350001286715
30;6000;commutes_with;stim;0.47264060005545616
1;8000;commutes_with;stim;0.4907750000129454
2;8000;commutes_with;stim;0.5027097000274807
3;8000;commutes_with;stim;0.4870109999901615
4;8000;commutes_with;stim;0.49432110000634566
5;8000;commutes_with;stim;0.5026809999835677
6;8000;commutes_with;stim;0.4920084000332281
7;8000;commutes_with;stim;0.50107170001138
8;8000;commutes_with;stim;0.5032141000265256
9;8000;commutes_with;stim;0.48934400000143796
10;8000;commutes_with;stim;0.5079637999879196
11;8000;commutes_with;stim;0.6612088000401855
12;8000;commutes_with;stim;0.4990098000271246
13;8000;commutes_with;stim;0.4915964000392705
14;8000;commutes_with;stim;0.492728499986697
15;8000;commutes_with;stim;0.677368699980434
16;8000;commutes_with;stim;0.49477450002450496
17;8000;commutes_with;stim;0.48586399998748675
18;8000;commutes_with;stim;0.5116321999812499
19;8000;commutes_with;stim;0.4933014999842271
20;8000;commutes_with;stim;0.49953019997337833
21;8000;commutes_with;stim;0.5067876999964938
22;8000;commutes_with;stim;0.49874629999976605
23;8000;commutes_with;stim;0.49588410003343597
24;8000;commutes_with;stim;0.4955226000165567
25;8000;commutes_with;stim;0.48675829998683184
26;8000;commutes_with;stim;0.49501829996006563
27;8000;commutes_with;stim;0.4907181999878958
28;8000;commutes_with;stim;0.49977679998846725
29;8000;commutes_with;stim;0.6908808000152931
30;8000;commutes_with;stim;0.49121770000783727
1;10000;commutes_with;stim;0.5194823000347242
2;10000;commutes_with;stim;0.6906556999892928
3;10000;commutes_with;stim;0.5320380000048317
4;10000;commutes_with;stim;0.5257581000332721
5;10000;commutes_with;stim;0.5223432999919169
6;10000;commutes_with;stim;0.5140358000062406
7;10000;commutes_with;stim;0.5081997999805026
8;10000;commutes_with;stim;0.5181554000009783
9;10000;commutes_with;stim;0.5234870000276715
10;10000;commutes_with;stim;0.5233454999979585
11;10000;commutes_with;stim;0.7107038999674842
12;10000;commutes_with;stim;0.5357503000413999
13;10000;commutes_with;stim;0.522277900017798
14;10000;commutes_with;stim;0.5229520999710076
15;10000;commutes_with;stim;0.6972545000026003
16;10000;commutes_with;stim;0.5154996000346728
17;10000;commutes_with;stim;0.5161420000367798
18;10000;commutes_with;stim;0.5255692999926396
19;10000;commutes_with;stim;0.5143661000183783
20;10000;commutes_with;stim;0.5283095000195317
21;10000;commutes_with;stim;0.5158138999831863
22;10000;commutes_with;stim;0.5245045999763533
23;10000;commutes_with;stim;0.5281820999807678
24;10000;commutes_with;stim;0.5161670999950729
25;10000;commutes_with;stim;0.5017190999933518
26;10000;commutes_with;stim;0.5202852999791503
27;10000;commutes_with;stim;0.5272024999721907
28;10000;commutes_with;stim;0.5253917999798432
29;10000;commutes_with;stim;0.5161089000175707
30;10000;commutes_with;stim;0.5069536999799311
1;12000;commutes_with;stim;0.5332338999724016
2;12000;commutes_with;stim;0.5333198999869637
3;12000;commutes_with;stim;0.5748209999874234
4;12000;commutes_with;stim;0.5506024000351317
5;12000;commutes_with;stim;0.5360704999766313
6;12000;commutes_with;stim;0.5462483000010252
7;12000;commutes_with;stim;0.5443071000045165
8;12000;commutes_with;stim;0.5372096999781206
9;12000;commutes_with;stim;0.5422350000008009
10;12000;commutes_with;stim;0.5504508999874815
11;12000;commutes_with;stim;0.7186567999888211
12;12000;commutes_with;stim;0.5637715000193566
13;12000;commutes_with;stim;0.5407156000146642
14;12000;commutes_with;stim;0.5384297000127845
15;12000;commutes_with;stim;0.7344598000054248
16;12000;commutes_with;stim;0.5407168000238016
17;12000;commutes_with;stim;0.5349596999585629
18;12000;commutes_with;stim;0.5482197000528686
19;12000;commutes_with;stim;0.5507429999997839
20;12000;commutes_with;stim;0.5558873999980278
21;12000;commutes_with;stim;0.5558418000000529
22;12000;commutes_with;stim;0.5567062000045553
23;12000;commutes_with;stim;0.5652518999995664
24;12000;commutes_with;stim;0.5658045000163838
25;12000;commutes_with;stim;0.5536616999888793
26;12000;commutes_with;stim;0.538870999997016
27;12000;commutes_with;stim;0.5473812000127509
28;12000;commutes_with;stim;0.5449981999699958
29;12000;commutes_with;stim;0.5465340999653563
30;12000;commutes_with;stim;0.5339862999971956
1;10;commutes_with;paulie;0.3148306999937631
2;10;commutes_with;paulie;0.3630404000286944
3;10;commutes_with;paulie;0.3706986999604851
4;10;commutes_with;paulie;0.3919187000137754
5;10;commutes_with;paulie;0.37355069996556267
6;10;commutes_with;paulie;0.3680068000103347
7;10;commutes_with;paulie;0.37341870000818744
8;10;commutes_with;paulie;0.3748580999672413
9;10;commutes_with;paulie;0.3666504999855533
10;10;commutes_with;paulie;0.3681882999953814
11;10;commutes_with;paulie;0.39102889999048784
12;10;commutes_with;paulie;0.39658040000358596
13;10;commutes_with;paulie;0.3642458000103943
14;10;commutes_with;paulie;0.38385700003709644
15;10;commutes_with;paulie;0.37794279999798164
16;10;commutes_with;paulie;0.37064269999973476
17;10;commutes_with;paulie;0.37055550003424287
18;10;commutes_with;paulie;0.3773319000029005
19;10;commutes_with;paulie;0.37303380004595965
20;10;commutes_with;paulie;0.3744550000410527
21;10;commutes_with;paulie;0.3806122000096366
22;10;commutes_with;paulie;0.3792860000394285
23;10;commutes_with;paulie;0.36225319997174665
24;10;commutes_with;paulie;0.3763055999879725
25;10;commutes_with;paulie;0.3773498999653384
26;10;commutes_with;paulie;0.37871640000957996
27;10;commutes_with;paulie;0.3677687000017613
28;10;commutes_with;paulie;0.36502959998324513
29;10;commutes_with;paulie;0.37182110000867397
30;10;commutes_with;paulie;0.3715955999796279
1;100;commutes_with;paulie;0.334566299978178
2;100;commutes_with;paulie;0.37058270000852644
3;100;commutes_with;paulie;0.3660607000347227
4;100;commutes_with;paulie;0.3923132000491023
5;100;commutes_with;paulie;0.37223249999806285
6;100;commutes_with;paulie;0.38709700002800673
7;100;commutes_with;paulie;0.37052810000022873
8;100;commutes_with;paulie;0.44438249996164814
9;100;commutes_with;paulie;0.37361130001954734
10;100;commutes_with;paulie;0.3786635000142269
11;100;commutes_with;paulie;0.3655392999644391
12;100;commutes_with;paulie;0.3655891999951564
13;100;commutes_with;paulie;0.3766909000114538
14;100;commutes_with;paulie;0.3729866999783553
15;100;commutes_with;paulie;0.4282386999693699
16;100;commutes_with;paulie;0.3740795000339858
17;100;commutes_with;paulie;0.37346299999626353
18;100;commutes_with;paulie;0.3825475999619812
19;100;commutes_with;paulie;0.3776289999950677
20;100;commutes_with;paulie;0.37151980004273355
21;100;commutes_with;paulie;0.36794070003088564
22;100;commutes_with;paulie;0.3724718000157736
23;100;commutes_with;paulie;0.37885079998522997
24;100;commutes_with;paulie;0.37383480003336444
25;100;commutes_with;paulie;0.36917790002189577
26;100;commutes_with;paulie;0.3810857000062242
27;100;commutes_with;paulie;0.3709841999807395
28;100;commutes_with;paulie;0.3616537000052631
29;100;commutes_with;paulie;0.38817570003448054
30;100;commutes_with;paulie;0.37711250002030283
1;1000;commutes_with;paulie;0.42027349997079
2;1000;commutes_with;paulie;0.4465441999491304
3;1000;commutes_with;paulie;0.4503299000207335
4;1000;commutes_with;paulie;0.4572995999478735
5;1000;commutes_with;paulie;0.44095680001191795
6;1000;commutes_with;paulie;0.44565899996086955
7;1000;commutes_with;paulie;0.4656529999920167
8;1000;commutes_with;paulie;0.5421947000431828
9;1000;commutes_with;paulie;0.4518131000222638
10;1000;commutes_with;paulie;0.45629139995435253
11;1000;commutes_with;paulie;0.44448290002765134
12;1000;commutes_with;paulie;0.45360240002628416
13;1000;commutes_with;paulie;0.44533239997690544
14;1000;commutes_with;paulie;0.43786840001121163
15;1000;commutes_with;paulie;0.45973880001110956
16;1000;commutes_with;paulie;0.43760279996786267
17;1000;commutes_with;paulie;0.45414200000232086
18;1000;commutes_with;paulie;0.45808820001548156
19;1000;commutes_with;paulie;0.4462492999737151
20;1000;commutes_with;paulie;0.4517886000103317
21;1000;commutes_with;paulie;0.4465900000068359
22;1000;commutes_with;paulie;0.471441000001505
23;1000;commutes_with;paulie;0.4453040999942459
24;1000;commutes_with;paulie;0.44996790000004694
25;1000;commutes_with;paulie;0.4594696999993175
26;1000;commutes_with;paulie;0.4421938000014052
27;1000;commutes_with;paulie;0.4422774000559002
28;1000;commutes_with;paulie;0.4681482999585569
29;1000;commutes_with;paulie;0.45777110004564747
30;1000;commutes_with;paulie;0.43190940003842115
1;3000;commutes_with;paulie;0.4868752000038512
2;3000;commutes_with;paulie;0.4838338000117801
3;3000;commutes_with;paulie;0.4896627999842167
4;3000;commutes_with;paulie;0.5044794999994338
5;3000;commutes_with;paulie;0.4933561000507325
6;3000;commutes_with;paulie;0.5006244999822229
7;3000;commutes_with;paulie;0.5051186000346206
8;3000;commutes_with;paulie;0.48668769997311756
9;3000;commutes_with;paulie;0.4880715999752283
10;3000;commutes_with;paulie;0.4971466999850236
11;3000;commutes_with;paulie;0.5006789999897592
12;3000;commutes_with;paulie;0.4972599999746308
13;3000;commutes_with;paulie;0.48309699998935685
14;3000;commutes_with;paulie;0.4937544999993406
15;3000;commutes_with;paulie;0.49660120002226904
16;3000;commutes_with;paulie;0.4973416999564506
17;3000;commutes_with;paulie;0.48595330002717674
18;3000;commutes_with;paulie;0.49242590001085773
19;3000;commutes_with;paulie;0.4952322000171989
20;3000;commutes_with;paulie;0.5033304000389762
21;3000;commutes_with;paulie;0.4971252999966964
22;3000;commutes_with;paulie;0.49244560004444793
23;3000;commutes_with;paulie;0.5079917999682948
24;3000;commutes_with;paulie;0.4999134999816306
25;3000;commutes_with;paulie;0.5137121000443585
26;3000;commutes_with;paulie;0.49043150001671165
27;3000;commutes_with;paulie;0.49377259996253997
28;3000;commutes_with;paulie;0.5055179999908432
29;3000;commutes_with;paulie;0.49759360001189634
30;3000;commutes_with;paulie;0.496902399987448
1;6000;commutes_with;paulie;0.542957000026945
2;6000;commutes_with;paulie;0.5485283000161871
3;6000;commutes_with;paulie;0.5590989000047557
4;6000;commutes_with;paulie;0.548362499976065
5;6000;commutes_with;paulie;0.5577796999714337
6;6000;commutes_with;paulie;0.5479758000001311
7;6000;commutes_with;paulie;0.5572735000168905
8;6000;commutes_with;paulie;0.5670581999584101
9;6000;commutes_with;paulie;0.5577761000022292
10;6000;commutes_with;paulie;0.5595405999920331
11;6000;commutes_with;paulie;0.562661100004334
12;6000;commutes_with;paulie;0.5381580999819562
13;6000;commutes_with;paulie;0.556133600010071
14;6000;commutes_with;paulie;0.5532571999938227
15;6000;commutes_with;paulie;0.5534308000351302
16;6000;commutes_with;paulie;0.5574056999757886
17;6000;commutes_with;paulie;0.575468999973964
18;6000;commutes_with;paulie;0.5682279000175186
19;6000;commutes_with;paulie;0.5598284999723546
20;6000;commutes_with;paulie;0.5615720999776386
21;6000;commutes_with;paulie;0.5560448999749497
22;6000;commutes_with;paulie;0.5451768000493757
23;6000;commutes_with;paulie;0.5402847999939695
24;6000;commutes_with;paulie;0.5416816000360996
25;6000;commutes_with;paulie;0.5499370999750681
26;6000;commutes_with;paulie;0.5436993999755941
27;6000;commutes_with;paulie;0.5540708000189625
28;6000;commutes_with;paulie;0.5449270000099204
29;6000;commutes_with;paulie;0.556984500028193
30;6000;commutes_with;paulie;0.5538953000213951
1;8000;commutes_with;paulie;0.5937065000180155
2;8000;commutes_with;paulie;0.5878538000397384
3;8000;commutes_with;paulie;0.5875585000030696
4;8000;commutes_with;paulie;0.5787054000538774
5;8000;commutes_with;paulie;0.5863003000267781
6;8000;commutes_with;paulie;0.5887626000330783
7;8000;commutes_with;paulie;0.5861740999971516
8;8000;commutes_with;paulie;0.593816299980972
9;8000;commutes_with;paulie;0.5876389999757521
10;8000;commutes_with;paulie;0.5928755999775603
11;8000;commutes_with;paulie;0.5924134000088088
12;8000;commutes_with;paulie;0.5994884999818169
13;8000;commutes_with;paulie;0.5870196000323631
14;8000;commutes_with;paulie;0.5844128999742679
15;8000;commutes_with;paulie;0.5907609999994747
16;8000;commutes_with;paulie;0.6032351999892853
17;8000;commutes_with;paulie;0.5985041999956593
18;8000;commutes_with;paulie;0.5946068000048399
19;8000;commutes_with;paulie;0.5867467000498436
20;8000;commutes_with;paulie;0.5823894999921322
21;8000;commutes_with;paulie;0.5862460999633186
22;8000;commutes_with;paulie;0.6012771999812685
23;8000;commutes_with;paulie;0.5811137999990024
24;8000;commutes_with;paulie;0.5844880000222474
25;8000;commutes_with;paulie;0.5828832000261173
26;8000;commutes_with;paulie;0.596761199994944
27;8000;commutes_with;paulie;0.5923795000417158
28;8000;commutes_with;paulie;0.5953933999990113
29;8000;commutes_with;paulie;0.7955520999967121
30;8000;commutes_with;paulie;0.5789266999927349
1;10000;commutes_with;paulie;0.6302733000484295
2;10000;commutes_with;paulie;0.8331818000297062
3;10000;commutes_with;paulie;0.6349011000129394
4;10000;commutes_with;paulie;0.6266309000202455
5;10000;commutes_with;paulie;0.6323118000291288
6;10000;commutes_with;paulie;0.6378483000444248
7;10000;commutes_with;paulie;0.6402938999817707
8;10000;commutes_with;paulie;0.6352094000321813
9;10000;commutes_with;paulie;0.632856099982746
10;10000;commutes_with;paulie;0.6433643000200391
11;10000;commutes_with;paulie;0.6267812000005506
12;10000;commutes_with;paulie;0.6415104999905452
13;10000;commutes_with;paulie;0.6703650999697857
14;10000;commutes_with;paulie;0.6495930999517441
15;10000;commutes_with;paulie;0.7542362000094727
16;10000;commutes_with;paulie;0.6410093999584205
17;10000;commutes_with;paulie;0.6368891999591142
18;10000;commutes_with;paulie;0.6457917999941856
19;10000;commutes_with;paulie;0.6332383000408299
20;10000;commutes_with;paulie;0.6528174999984913
21;10000;commutes_with;paulie;0.6353202000027522
22;10000;commutes_with;paulie;0.6369833999779075
23;10000;commutes_with;paulie;0.6349785999627784
24;10000;commutes_with;paulie;0.6322974999784492
25;10000;commutes_with;paulie;0.6284042000188492
26;10000;commutes_with;paulie;0.6304135000100359
27;10000;commutes_with;paulie;0.6353731999988668
28;10000;commutes_with;paulie;0.6364714999799617
29;10000;commutes_with;paulie;0.6441778999869712
30;10000;commutes_with;paulie;0.6193469999707304
1;12000;commutes_with;paulie;0.6592746999813244
2;12000;commutes_with;paulie;0.6767999000148848
3;12000;commutes_with;paulie;0.6658509999979287
4;12000;commutes_with;paulie;0.6782449000165798
5;12000;commutes_with;paulie;0.6645554000278935
6;12000;commutes_with;paulie;0.6916089000296779
7;12000;commutes_with;paulie;0.6941319999750704
8;12000;commutes_with;paulie;0.6760472999885678
9;12000;commutes_with;paulie;0.6983710000058636
10;12000;commutes_with;paulie;0.6670691999606788
11;12000;commutes_with;paulie;0.6657202999922447
12;12000;commutes_with;paulie;0.6603863000054844
13;12000;commutes_with;paulie;0.6657367000007071
14;12000;commutes_with;paulie;0.6794739000033587
15;12000;commutes_with;paulie;0.6751011000014842
16;12000;commutes_with;paulie;0.6860649000154808
17;12000;commutes_with;paulie;0.688511100015603
18;12000;commutes_with;paulie;0.6710608000284992
19;12000;commutes_with;paulie;0.6847562000039034
20;12000;commutes_with;paulie;0.6583317999611609
21;12000;commutes_with;paulie;0.6753188000293449
22;12000;commutes_with;paulie;0.6727400000090711
23;12000;commutes_with;paulie;0.6592437999788672
24;12000;commutes_with;paulie;0.6780921999597922
25;12000;commutes_with;paulie;0.6713621999952011
26;12000;commutes_with;paulie;0.6782491999911144
27;12000;commutes_with;paulie;0.6656974999932572
28;12000;commutes_with;paulie;0.67878059996292
29;12000;commutes_with;paulie;0.6711076000356115
30;12000;commutes_with;paulie;0.662193899974227
1;10;commutes_with;pauliarray;6.366719400044531
2;10;commutes_with;pauliarray;7.318596899975091
3;10;commutes_with;pauliarray;7.401814600045327
4;10;commutes_with;pauliarray;7.434269199962728
5;10;commutes_with;pauliarray;7.529961299966089
6;10;commutes_with;pauliarray;7.422079199983273
7;10;commutes_with;pauliarray;7.386375600006431
8;10;commutes_with;pauliarray;7.351093500037678
9;10;commutes_with;pauliarray;7.421082600019872
10;10;commutes_with;pauliarray;7.321641199989244
11;10;commutes_with;pauliarray;7.358425199985504
12;10;commutes_with;pauliarray;7.36786050000228
13;10;commutes_with;pauliarray;7.382701799971983
14;10;commutes_with;pauliarray;7.331878700002562
15;10;commutes_with;pauliarray;8.343327799986582
16;10;commutes_with;pauliarray;7.408741099992767
17;10;commutes_with;pauliarray;7.35857159999432
18;10;commutes_with;pauliarray;7.371558899991214
19;10;commutes_with;pauliarray;7.369339200027753
20;10;commutes_with;pauliarray;7.393754300021101
21;10;commutes_with;pauliarray;7.377404399972875
22;10;commutes_with;pauliarray;7.393043900025077
23;10;commutes_with;pauliarray;7.374386299983598
24;10;commutes_with;pauliarray;7.330626900016796
25;10;commutes_with;pauliarray;7.350548200018238
26;10;commutes_with;pauliarray;7.308963000017684
27;10;commutes_with;pauliarray;7.427334000007249
28;10;commutes_with;pauliarray;7.400915800011717
29;10;commutes_with;pauliarray;7.439991400053259
30;10;commutes_with;pauliarray;7.470612799981609
1;100;commutes_with;pauliarray;6.6594932999578305
2;100;commutes_with;pauliarray;7.561133000010159
3;100;commutes_with;pauliarray;7.5260614000144415
4;100;commutes_with;pauliarray;7.864772800006904
5;100;commutes_with;pauliarray;7.649759599997196
6;100;commutes_with;pauliarray;7.579404300020542
7;100;commutes_with;pauliarray;7.56358239997644
8;100;commutes_with;pauliarray;9.376063100004103
9;100;commutes_with;pauliarray;7.525806199992076
10;100;commutes_with;pauliarray;7.567429999995511
11;100;commutes_with;pauliarray;7.563171199988574
12;100;commutes_with;pauliarray;7.518532799964305
13;100;commutes_with;pauliarray;7.759807800000999
14;100;commutes_with;pauliarray;7.6995459999889135
15;100;commutes_with;pauliarray;8.438164799998049
16;100;commutes_with;pauliarray;7.556468099995982
17;100;commutes_with;pauliarray;7.511783399968408
18;100;commutes_with;pauliarray;7.4983447000267915
19;100;commutes_with;pauliarray;7.562606699997559
20;100;commutes_with;pauliarray;7.613467499963008
21;100;commutes_with;pauliarray;7.593458499992266
22;100;commutes_with;pauliarray;7.6676934999995865
23;100;commutes_with;pauliarray;7.5541055999929085
24;100;commutes_with;pauliarray;7.544495999987703
25;100;commutes_with;pauliarray;7.598940299998503
26;100;commutes_with;pauliarray;7.65979539998807
27;100;commutes_with;pauliarray;7.540415900002699
28;100;commutes_with;pauliarray;7.5343627000111155
29;100;commutes_with;pauliarray;7.63554909999948
30;100;commutes_with;pauliarray;7.5508091999799944
1;1000;commutes_with;pauliarray;9.366912099998444
2;1000;commutes_with;pauliarray;9.65256740001496
3;1000;commutes_with;pauliarray;9.622227200015914
4;1000;commutes_with;pauliarray;9.65471069997875
5;1000;commutes_with;pauliarray;9.646186600031797
6;1000;commutes_with;pauliarray;9.665692399954423
7;1000;commutes_with;pauliarray;9.629295699996874
8;1000;commutes_with;pauliarray;11.760986800014507
9;1000;commutes_with;pauliarray;9.626194399956148
10;1000;commutes_with;pauliarray;9.684859099972527
11;1000;commutes_with;pauliarray;9.740481899993028
12;1000;commutes_with;pauliarray;9.629511699953582
13;1000;commutes_with;pauliarray;9.63019749999512
14;1000;commutes_with;pauliarray;9.614096599980257
15;1000;commutes_with;pauliarray;9.650732300011441
16;1000;commutes_with;pauliarray;9.629249599995092
17;1000;commutes_with;pauliarray;10.92755570000736
18;1000;commutes_with;pauliarray;9.936061299988069
19;1000;commutes_with;pauliarray;9.681527699984144
20;1000;commutes_with;pauliarray;9.667743499972858
21;1000;commutes_with;pauliarray;9.661055399978068
22;1000;commutes_with;pauliarray;9.925855999987107
23;1000;commutes_with;pauliarray;9.733045000000857
24;1000;commutes_with;pauliarray;9.696391400007997
25;1000;commutes_with;pauliarray;10.762134500022512
26;1000;commutes_with;pauliarray;9.604876300028991
27;1000;commutes_with;pauliarray;9.66397330001928
28;1000;commutes_with;pauliarray;9.641878199996427
29;1000;commutes_with;pauliarray;9.652817299996968
30;1000;commutes_with;pauliarray;9.671107800037134
1;3000;commutes_with;pauliarray;12.753196900011972
2;3000;commutes_with;pauliarray;12.848103800031822
3;3000;commutes_with;pauliarray;12.77675060002366
4;3000;commutes_with;pauliarray;12.796084799978416
5;3000;commutes_with;pauliarray;12.810260800004471
6;3000;commutes_with;pauliarray;12.794161199999508
7;3000;commutes_with;pauliarray;13.003796800039709
8;3000;commutes_with;pauliarray;12.759399999980815
9;3000;commutes_with;pauliarray;12.735228100034874
10;3000;commutes_with;pauliarray;12.806267599982675
11;3000;commutes_with;pauliarray;12.80066170002101
12;3000;commutes_with;pauliarray;12.753339099988807
13;3000;commutes_with;pauliarray;12.91568770003505
14;3000;commutes_with;pauliarray;12.800164700020105
15;3000;commutes_with;pauliarray;12.79040779999923
16;3000;commutes_with;pauliarray;12.878180100000463
17;3000;commutes_with;pauliarray;12.850493000005372
18;3000;commutes_with;pauliarray;12.861928199999966
19;3000;commutes_with;pauliarray;12.813791699998546
20;3000;commutes_with;pauliarray;12.957261100003961
21;3000;commutes_with;pauliarray;14.597228300001007
22;3000;commutes_with;pauliarray;12.759001499973238
23;3000;commutes_with;pauliarray;12.718072699964978
24;3000;commutes_with;pauliarray;12.839248600008432
25;3000;commutes_with;pauliarray;12.829966799996328
26;3000;commutes_with;pauliarray;12.8067246999708
27;3000;commutes_with;pauliarray;12.75476380001055
28;3000;commutes_with;pauliarray;12.812340900010895
29;3000;commutes_with;pauliarray;12.914096499967854
30;3000;commutes_with;pauliarray;12.843092900002375
1;6000;commutes_with;pauliarray;16.425205299980007
2;6000;commutes_with;pauliarray;16.61420630000066
3;6000;commutes_with;pauliarray;16.716437999974005
4;6000;commutes_with;pauliarray;16.67866600002162
5;6000;commutes_with;pauliarray;16.7519420000026
6;6000;commutes_with;pauliarray;16.843544300005306
7;6000;commutes_with;pauliarray;16.83339529996738
8;6000;commutes_with;pauliarray;16.69380829995498
9;6000;commutes_with;pauliarray;16.76279780000914
10;6000;commutes_with;pauliarray;16.76218089996837
11;6000;commutes_with;pauliarray;16.803216799977235
12;6000;commutes_with;pauliarray;16.879925700020976
13;6000;commutes_with;pauliarray;16.971435800020117
14;6000;commutes_with;pauliarray;16.94960600003833
15;6000;commutes_with;pauliarray;16.73108279996086
16;6000;commutes_with;pauliarray;16.81868869997561
17;6000;commutes_with;pauliarray;16.774512799980585
18;6000;commutes_with;pauliarray;16.8590282999794
19;6000;commutes_with;pauliarray;16.84377030003816
20;6000;commutes_with;pauliarray;16.991848099976778
21;6000;commutes_with;pauliarray;16.844523500010837
22;6000;commutes_with;pauliarray;16.81560480000917
23;6000;commutes_with;pauliarray;16.77369069994893
24;6000;commutes_with;pauliarray;16.818658700038213
25;6000;commutes_with;pauliarray;16.919763099984266
26;6000;commutes_with;pauliarray;16.72727550001582
27;6000;commutes_with;pauliarray;16.776427100005094
28;6000;commutes_with;pauliarray;16.842015200003516
29;6000;commutes_with;pauliarray;16.90557359997183
30;6000;commutes_with;pauliarray;16.863577299984172
1;8000;commutes_with;pauliarray;19.017036999983247
2;8000;commutes_with;pauliarray;19.00674819998676
3;8000;commutes_with;pauliarray;19.147475500009023
4;8000;commutes_with;pauliarray;19.03044439997757
5;8000;commutes_with;pauliarray;19.209022899973206
6;8000;commutes_with;pauliarray;19.321070500009228
7;8000;commutes_with;pauliarray;19.15903070004424
8;8000;commutes_with;pauliarray;19.2939456999884
9;8000;commutes_with;pauliarray;19.181461700005457
10;8000;commutes_with;pauliarray;19.443049199995585
11;8000;commutes_with;pauliarray;19.297462699993048
12;8000;commutes_with;pauliarray;19.174374800000805
13;8000;commutes_with;pauliarray;19.220561099995393
14;8000;commutes_with;pauliarray;19.211117299972102
15;8000;commutes_with;pauliarray;19.162185600027442
16;8000;commutes_with;pauliarray;19.22787960001733
17;8000;commutes_with;pauliarray;19.353552200016566
18;8000;commutes_with;pauliarray;19.328725899977144
19;8000;commutes_with;pauliarray;19.435192000004463
20;8000;commutes_with;pauliarray;19.287674800027162
21;8000;commutes_with;pauliarray;19.299265199981164
22;8000;commutes_with;pauliarray;19.408974400023
23;8000;commutes_with;pauliarray;19.195951199973933
24;8000;commutes_with;pauliarray;19.300820600008592
25;8000;commutes_with;pauliarray;19.557069000031333
26;8000;commutes_with;pauliarray;19.25221770000644
27;8000;commutes_with;pauliarray;19.413376999960747
28;8000;commutes_with;pauliarray;19.269430799991824
29;8000;commutes_with;pauliarray;19.376150899974164
30;8000;commutes_with;pauliarray;19.28948739997577
1;10000;commutes_with;pauliarray;21.83819019998191
2;10000;commutes_with;pauliarray;22.440075599995907
3;10000;commutes_with;pauliarray;22.46905600000173
4;10000;commutes_with;pauliarray;22.01297959999647
5;10000;commutes_with;pauliarray;22.523444099992048
6;10000;commutes_with;pauliarray;22.219643699994776
7;10000;commutes_with;pauliarray;22.199491399980616
8;10000;commutes_with;pauliarray;22.184756400005426
9;10000;commutes_with;pauliarray;22.128126199997496
10;10000;commutes_with;pauliarray;22.268721600004937
11;10000;commutes_with;pauliarray;22.309844900039025
12;10000;commutes_with;pauliarray;22.424449599988293
13;10000;commutes_with;pauliarray;22.20366820000345
14;10000;commutes_with;pauliarray;22.496938700031023
15;10000;commutes_with;pauliarray;22.168284400017
16;10000;commutes_with;pauliarray;22.330235100002028
17;10000;commutes_with;pauliarray;22.790940700040665
18;10000;commutes_with;pauliarray;22.55370920000132
19;10000;commutes_with;pauliarray;22.301127499958966
20;10000;commutes_with;pauliarray;22.341063700034283
21;10000;commutes_with;pauliarray;22.29413039999781
22;10000;commutes_with;pauliarray;22.269580400025006
23;10000;commutes_with;pauliarray;22.282917300006375
24;10000;commutes_with;pauliarray;22.45133579999674
25;10000;commutes_with;pauliarray;22.20368260005489
26;10000;commutes_with;pauliarray;22.15157879999606
27;10000;commutes_with;pauliarray;22.194625100004487
28;10000;commutes_with;pauliarray;22.53660559997661
29;10000;commutes_with;pauliarray;22.40392069995869
30;10000;commutes_with;pauliarray;22.358528000011574
1;12000;commutes_with;pauliarray;24.60682759998599
2;12000;commutes_with;pauliarray;24.78329989995109
3;12000;commutes_with;pauliarray;24.621610900037922
4;12000;commutes_with;pauliarray;25.07604990003165
5;12000;commutes_with;pauliarray;24.803650100016966
6;12000;commutes_with;pauliarray;24.998100200027693
7;12000;commutes_with;pauliarray;25.086152700008824
8;12000;commutes_with;pauliarray;24.833548599970527
9;12000;commutes_with;pauliarray;24.770363899995573
10;12000;commutes_with;pauliarray;24.740324500016868
11;12000;commutes_with;pauliarray;25.508853499952238
12;12000;commutes_with;pauliarray;24.810077200003434
13;12000;commutes_with;pauliarray;24.90696420002496
14;12000;commutes_with;pauliarray;24.810130099998787
15;12000;commutes_with;pauliarray;24.740790300013032
16;12000;commutes_with;pauliarray;24.915822899958584
17;12000;commutes_with;pauliarray;24.706482900015544
18;12000;commutes_with;pauliarray;24.753950399986934
19;12000;commutes_with;pauliarray;24.99442070000805
20;12000;commutes_with;pauliarray;25.111401800008025
21;12000;commutes_with;pauliarray;24.627539599954616
22;12000;commutes_with;pauliarray;25.464048800000455
23;12000;commutes_with;pauliarray;24.6471523999935
24;12000;commutes_with;pauliarray;24.703279999957886
25;12000;commutes_with;pauliarray;24.71855480002705
26;12000;commutes_with;pauliarray;25.332085100002587
27;12000;commutes_with;pauliarray;24.745006900047883
28;12000;commutes_with;pauliarray;24.914949300000444
29;12000;commutes_with;pauliarray;24.86423540004762
30;12000;commutes_with;pauliarray;24.94182919996092
1;10;multiply;stim;0.7831750999903306
2;10;multiply;stim;0.8972265000338666
3;10;multiply;stim;1.0903971000225283
4;10;multiply;stim;0.896420200006105
5;10;multiply;stim;0.9012532000197098
6;10;multiply;stim;0.9066790000069886
7;10;multiply;stim;0.9024537000223063
8;10;multiply;stim;0.9006968999747187
9;10;multiply;stim;0.9152509000268765
10;10;multiply;stim;0.90697569999611
11;10;multiply;stim;0.9226699999999255
12;10;multiply;stim;1.1127780000097118
13;10;multiply;stim;0.8887237999588251
14;10;multiply;stim;0.8978169999900274
15;10;multiply;stim;0.9266821999917738
16;10;multiply;stim;1.1211954000173137
17;10;multiply;stim;0.8950821000034921
18;10;multiply;stim;0.9045636000228114
19;10;multiply;stim;0.9048502999939956
20;10;multiply;stim;0.9228814999805763
21;10;multiply;stim;0.9110694999690168
22;10;multiply;stim;0.9125513000180945
23;10;multiply;stim;0.9017814999679103
24;10;multiply;stim;0.9264862000127323
25;10;multiply;stim;0.9136836000252515
26;10;multiply;stim;0.9088165999855846
27;10;multiply;stim;0.8943596999743022
28;10;multiply;stim;0.9251665999763645
29;10;multiply;stim;0.8993745999759994
30;10;multiply;stim;0.9002362000173889
1;100;multiply;stim;0.8234355999738909
2;100;multiply;stim;0.895892400003504
3;100;multiply;stim;0.907060099998489
4;100;multiply;stim;0.8909555000136606
5;100;multiply;stim;0.902895700011868
6;100;multiply;stim;0.910446599998977
7;100;multiply;stim;0.9116780000040308
8;100;multiply;stim;1.129446100036148
9;100;multiply;stim;0.9091822999762371
10;100;multiply;stim;0.9050694000325166
11;100;multiply;stim;0.9192887999815866
12;100;multiply;stim;0.9093309000018053
13;100;multiply;stim;0.9060185999842361
14;100;multiply;stim;0.9048518000054173
15;100;multiply;stim;1.0542454000096768
16;100;multiply;stim;0.9062515000114217
17;100;multiply;stim;0.8880303999758326
18;100;multiply;stim;0.90802839997923
19;100;multiply;stim;0.9101618999848142
20;100;multiply;stim;0.9034945000312291
21;100;multiply;stim;0.9069967999821529
22;100;multiply;stim;0.9172909000189975
23;100;multiply;stim;0.9100654000067152
24;100;multiply;stim;0.9021899999934249
25;100;multiply;stim;0.8978473999886774
26;100;multiply;stim;0.8991320000495762
27;100;multiply;stim;0.906507000036072
28;100;multiply;stim;0.9095010000164621
29;100;multiply;stim;0.9115851999958977
30;100;multiply;stim;0.8964649999979883
1;1000;multiply;stim;0.8590065999887884
2;1000;multiply;stim;0.9156113999779336
3;1000;multiply;stim;0.9309708999935538
4;1000;multiply;stim;0.93949259998044
5;1000;multiply;stim;0.9178736000321805
6;1000;multiply;stim;0.9331224000197835
7;1000;multiply;stim;0.9348819000297226
8;1000;multiply;stim;1.1392729000071995
9;1000;multiply;stim;0.9297973999637179
10;1000;multiply;stim;0.9498085000086576
11;1000;multiply;stim;0.9305349999922328
12;1000;multiply;stim;0.9212832999764942
13;1000;multiply;stim;0.9142351999762468
14;1000;multiply;stim;0.9122719999868423
15;1000;multiply;stim;0.9543043000157923
16;1000;multiply;stim;0.9380277000018395
17;1000;multiply;stim;0.9188977000303566
18;1000;multiply;stim;0.9247273999499157
19;1000;multiply;stim;0.9301338000223041
20;1000;multiply;stim;0.9368460000259802
21;1000;multiply;stim;0.9393531000241637
22;1000;multiply;stim;0.9503405000432394
23;1000;multiply;stim;0.917876299994532
24;1000;multiply;stim;0.9297157000401057
25;1000;multiply;stim;0.9327066999976523
26;1000;multiply;stim;0.9139029000070877
27;1000;multiply;stim;0.9293302000151016
28;1000;multiply;stim;0.9141550000058487
29;1000;multiply;stim;0.9378037999849766
30;1000;multiply;stim;0.9563336000428535
1;3000;multiply;stim;0.9694258000236005
2;3000;multiply;stim;0.9799675999674946
3;3000;multiply;stim;1.013596300035715
4;3000;multiply;stim;0.9952237000106834
5;3000;multiply;stim;0.9759174000355415
6;3000;multiply;stim;0.9717097000102513
7;3000;multiply;stim;0.9845963999978267
8;3000;multiply;stim;0.9890030000242405
9;3000;multiply;stim;0.9837197000160813
10;3000;multiply;stim;0.9820348999928683
11;3000;multiply;stim;0.9620608999975957
12;3000;multiply;stim;0.9719597999937832
13;3000;multiply;stim;0.9970554999890737
14;3000;multiply;stim;0.9788363000261597
15;3000;multiply;stim;0.9798652000026777
16;3000;multiply;stim;0.985562400019262
17;3000;multiply;stim;0.9791111000231467
18;3000;multiply;stim;0.974835200002417
19;3000;multiply;stim;0.9859236999764107
20;3000;multiply;stim;1.0068432000116445
21;3000;multiply;stim;0.9805301000014879
22;3000;multiply;stim;0.9977387000108138
23;3000;multiply;stim;0.9887757999822497
24;3000;multiply;stim;0.9839936000062153
25;3000;multiply;stim;0.9859823000151664
26;3000;multiply;stim;0.9986649000202306
27;3000;multiply;stim;0.9890418999711983
28;3000;multiply;stim;0.9467510999529622
29;3000;multiply;stim;0.9842029999708757
30;3000;multiply;stim;0.993011899990961
1;6000;multiply;stim;1.0464278000290506
2;6000;multiply;stim;1.083620899997186
3;6000;multiply;stim;1.0581319999764673
4;6000;multiply;stim;1.0615886999876238
5;6000;multiply;stim;1.0595272000064142
6;6000;multiply;stim;1.0595609999727458
7;6000;multiply;stim;1.0611985999858007
8;6000;multiply;stim;1.039357999979984
9;6000;multiply;stim;1.0631708999862894
10;6000;multiply;stim;1.0626397999585606
11;6000;multiply;stim;1.0468009000178427
12;6000;multiply;stim;1.098434699990321
13;6000;multiply;stim;1.06876990001183
14;6000;multiply;stim;1.0447851000353694
15;6000;multiply;stim;1.0438919000444002
16;6000;multiply;stim;1.0497067000251263
17;6000;multiply;stim;1.0833113999688067
18;6000;multiply;stim;1.0841083000414073
19;6000;multiply;stim;1.0581200000015087
20;6000;multiply;stim;1.0654167999746278
21;6000;multiply;stim;1.0725865999702364
22;6000;multiply;stim;1.0925214000162669
23;6000;multiply;stim;1.0610424000187777
24;6000;multiply;stim;1.0725659999880008
25;6000;multiply;stim;1.0648690999951214
26;6000;multiply;stim;1.0675855000154115
27;6000;multiply;stim;1.0864479999872856
28;6000;multiply;stim;1.0767547999857925
29;6000;multiply;stim;1.0677823000005446
30;6000;multiply;stim;1.0594169000396505
1;8000;multiply;stim;1.1252792999730445
2;8000;multiply;stim;1.1391304000280797
3;8000;multiply;stim;1.13370040000882
4;8000;multiply;stim;1.1385944000212476
5;8000;multiply;stim;1.1110141999670304
6;8000;multiply;stim;1.1288776999572292
7;8000;multiply;stim;1.0988607999752276
8;8000;multiply;stim;1.117229099967517
9;8000;multiply;stim;1.1327393999672495
10;8000;multiply;stim;1.0829646000056528
11;8000;multiply;stim;1.3548348000040278
12;8000;multiply;stim;1.1188686999958009
13;8000;multiply;stim;1.1443946000072174
14;8000;multiply;stim;1.1466207999619655
15;8000;multiply;stim;1.3700545000028796
16;8000;multiply;stim;1.1124288000282831
17;8000;multiply;stim;1.13958369998727
18;8000;multiply;stim;1.066583100007847
19;8000;multiply;stim;1.129302799992729
20;8000;multiply;stim;1.121373699977994
21;8000;multiply;stim;1.1451062000123784
22;8000;multiply;stim;1.1248330000089481
23;8000;multiply;stim;1.1005544000072405
24;8000;multiply;stim;1.1149244999978691
25;8000;multiply;stim;1.103660300024785
26;8000;multiply;stim;1.1215487999725156
27;8000;multiply;stim;1.1078218999900855
28;8000;multiply;stim;1.123418400005903
29;8000;multiply;stim;1.6872571000130847
30;8000;multiply;stim;1.0937491000513546
1;10000;multiply;stim;1.1848176999483258
2;10000;multiply;stim;1.564107900019735
3;10000;multiply;stim;1.2074995000148192
4;10000;multiply;stim;1.234704700007569
5;10000;multiply;stim;1.1739989999914542
6;10000;multiply;stim;1.2049533000099473
7;10000;multiply;stim;1.1908862999989651
8;10000;multiply;stim;1.2061944999732077
9;10000;multiply;stim;1.1941800000495277
10;10000;multiply;stim;1.2192167000030167
11;10000;multiply;stim;1.4169106999761425
12;10000;multiply;stim;1.2038764000171795
13;10000;multiply;stim;1.1944227000349201
14;10000;multiply;stim;1.2293223000015132
15;10000;multiply;stim;1.498987099970691
16;10000;multiply;stim;1.199313799967058
17;10000;multiply;stim;1.1855872999876738
18;10000;multiply;stim;1.2051610000198707
19;10000;multiply;stim;1.175182900042273
20;10000;multiply;stim;1.1824221999850124
21;10000;multiply;stim;1.2025712999748066
22;10000;multiply;stim;1.192651699995622
23;10000;multiply;stim;1.2414564999635331
24;10000;multiply;stim;1.1929661000031047
25;10000;multiply;stim;1.1822238999884576
26;10000;multiply;stim;1.198307799990289
27;10000;multiply;stim;1.2113114999956451
28;10000;multiply;stim;1.1705458000069484
29;10000;multiply;stim;1.1874692999990657
30;10000;multiply;stim;1.1626046000164934
1;12000;multiply;stim;1.2334195000003092
2;12000;multiply;stim;1.2531613999744877
3;12000;multiply;stim;1.267540699976962
4;12000;multiply;stim;1.2201647000038065
5;12000;multiply;stim;1.2658257000148296
6;12000;multiply;stim;1.275377199985087
7;12000;multiply;stim;1.2610418000258505
8;12000;multiply;stim;1.2381780000287108
9;12000;multiply;stim;1.2762237999704666
10;12000;multiply;stim;1.2432561999885365
11;12000;multiply;stim;1.4969341999967583
12;12000;multiply;stim;1.278633300040383
13;12000;multiply;stim;1.2709695999510586
14;12000;multiply;stim;1.2321843999670818
15;12000;multiply;stim;1.4878648000303656
16;12000;multiply;stim;1.2546056000282988
17;12000;multiply;stim;1.2268970999866724
18;12000;multiply;stim;1.2673883000388741
19;12000;multiply;stim;1.2703356000129133
20;12000;multiply;stim;1.2457028000499122
21;12000;multiply;stim;1.2477951999753714
22;12000;multiply;stim;1.2597658999729902
23;12000;multiply;stim;1.2090546999825165
24;12000;multiply;stim;1.3068350999965332
25;12000;multiply;stim;1.2647507999790832
26;12000;multiply;stim;1.2826782000483945
27;12000;multiply;stim;1.2314171000034548
28;12000;multiply;stim;1.2396384000312537
29;12000;multiply;stim;1.261938200041186
30;12000;multiply;stim;1.2507754000253044
1;10;multiply;paulie;0.4765686999890022
2;10;multiply;paulie;0.5571691999793984
3;10;multiply;paulie;0.569840700016357
4;10;multiply;paulie;0.5872387000126764
5;10;multiply;paulie;0.5566356999916025
6;10;multiply;paulie;0.5825729999924079
7;10;multiply;paulie;0.5708679999806918
8;10;multiply;paulie;0.5629791999817826
9;10;multiply;paulie;0.5691462000249885
10;10;multiply;paulie;0.5775531999533996
11;10;multiply;paulie;0.5796508999774233
12;10;multiply;paulie;0.5760683999978937
13;10;multiply;paulie;0.5564720000256784
14;10;multiply;paulie;0.56400960002793
15;10;multiply;paulie;0.5648923999979161
16;10;multiply;paulie;0.5622058999724686
17;10;multiply;paulie;0.570231799967587
18;10;multiply;paulie;0.5539778000093065
19;10;multiply;paulie;0.568718800030183
20;10;multiply;paulie;0.5917503999662586
21;10;multiply;paulie;0.5715411999844946
22;10;multiply;paulie;0.5661779000074603
23;10;multiply;paulie;0.5633212000248022
24;10;multiply;paulie;0.5764905999531038
25;10;multiply;paulie;0.5622770999907516
26;10;multiply;paulie;0.5850167999742553
27;10;multiply;paulie;0.5627839000080712
28;10;multiply;paulie;0.5689193999860436
29;10;multiply;paulie;0.5681244999868795
30;10;multiply;paulie;0.5684572999598458
1;100;multiply;paulie;0.5156211999710649
2;100;multiply;paulie;0.5694358000182547
3;100;multiply;paulie;0.5733659999677911
4;100;multiply;paulie;0.6141710000229068
5;100;multiply;paulie;0.5537109999568202
6;100;multiply;paulie;0.5681520999642089
7;100;multiply;paulie;0.5966728000203148
8;100;multiply;paulie;0.6861239999998361
9;100;multiply;paulie;0.570734100008849
10;100;multiply;paulie;0.5541604000027291
11;100;multiply;paulie;0.569113900011871
12;100;multiply;paulie;0.5753622999764048
13;100;multiply;paulie;0.5565830999985337
14;100;multiply;paulie;0.581650800013449
15;100;multiply;paulie;0.6743511999957263
16;100;multiply;paulie;0.5719716000021435
17;100;multiply;paulie;0.5761306000058539
18;100;multiply;paulie;0.567446100001689
19;100;multiply;paulie;0.563104500004556
20;100;multiply;paulie;0.5639569999766536
21;100;multiply;paulie;0.5632716999971308
22;100;multiply;paulie;0.5500342999584973
23;100;multiply;paulie;0.55511590000242
24;100;multiply;paulie;0.5646224999800324
25;100;multiply;paulie;0.5664569999789819
26;100;multiply;paulie;0.568347199994605
27;100;multiply;paulie;0.5596717000007629
28;100;multiply;paulie;0.5848178999731317
29;100;multiply;paulie;0.5779855000437237
30;100;multiply;paulie;0.5710558000137098
1;1000;multiply;paulie;0.6001624999917112
2;1000;multiply;paulie;0.6440033999970183
3;1000;multiply;paulie;0.6397090999525972
4;1000;multiply;paulie;0.6577309000422247
5;1000;multiply;paulie;0.6365341999917291
6;1000;multiply;paulie;0.6519449999905191
7;1000;multiply;paulie;0.6637722000014037
8;1000;multiply;paulie;0.7864842000417411
9;1000;multiply;paulie;0.6473719999776222
10;1000;multiply;paulie;0.6642911999952048
11;1000;multiply;paulie;0.6582842000061646
12;1000;multiply;paulie;0.6595810999860987
13;1000;multiply;paulie;0.6593136000446975
14;1000;multiply;paulie;0.6338505999883637
15;1000;multiply;paulie;0.6541600999771617
16;1000;multiply;paulie;0.6461476000258699
17;1000;multiply;paulie;0.654192799993325
18;1000;multiply;paulie;0.6487042999942787
19;1000;multiply;paulie;0.6462768000201322
20;1000;multiply;paulie;0.6401821000035852
21;1000;multiply;paulie;0.6560462000197731
22;1000;multiply;paulie;0.647158199979458
23;1000;multiply;paulie;0.6832536000292748
24;1000;multiply;paulie;0.6566865000058897
25;1000;multiply;paulie;0.6298863999545574
26;1000;multiply;paulie;0.6580938999541104
27;1000;multiply;paulie;0.6361958000343293
28;1000;multiply;paulie;0.6421540000010282
29;1000;multiply;paulie;0.6100956000154838
30;1000;multiply;paulie;0.6521500999806449
1;3000;multiply;paulie;0.7652922000270337
2;3000;multiply;paulie;0.7623323000152595
3;3000;multiply;paulie;0.7566236999700777
4;3000;multiply;paulie;0.7810718999826349
5;3000;multiply;paulie;0.7694290000363253
6;3000;multiply;paulie;0.7756067999871448
7;3000;multiply;paulie;0.7832122000399977
8;3000;multiply;paulie;0.7649431999889202
9;3000;multiply;paulie;0.7759005000116304
10;3000;multiply;paulie;0.7611919000046328
11;3000;multiply;paulie;0.762166399974376
12;3000;multiply;paulie;0.7695144000463188
13;3000;multiply;paulie;0.7672153000021353
14;3000;multiply;paulie;0.7735135999973863
15;3000;multiply;paulie;0.7605622999835759
16;3000;multiply;paulie;0.781142899999395
17;3000;multiply;paulie;0.7663988000131212
18;3000;multiply;paulie;0.7721582999802195
19;3000;multiply;paulie;0.7648448999971151
20;3000;multiply;paulie;0.7525671999901533
21;3000;multiply;paulie;0.7701430000015534
22;3000;multiply;paulie;0.756511700048577
23;3000;multiply;paulie;0.788764099997934
24;3000;multiply;paulie;0.7667808000114746
25;3000;multiply;paulie;0.7888105000020005
26;3000;multiply;paulie;0.7714140999596566
27;3000;multiply;paulie;0.7823282000026666
28;3000;multiply;paulie;0.7584759000455961
29;3000;multiply;paulie;0.7759362999931909
30;3000;multiply;paulie;0.7944694999605417
1;6000;multiply;paulie;0.8028978000511415
2;6000;multiply;paulie;0.799146999954246
3;6000;multiply;paulie;0.8099821000359952
4;6000;multiply;paulie;0.8058849000371993
5;6000;multiply;paulie;0.8188706000219099
6;6000;multiply;paulie;0.8077172000193968
7;6000;multiply;paulie;0.8208036000141874
8;6000;multiply;paulie;0.819781000027433
9;6000;multiply;paulie;0.7997430000104941
10;6000;multiply;paulie;0.8101060999906622
11;6000;multiply;paulie;0.8057398000382818
12;6000;multiply;paulie;0.8102926000137813
13;6000;multiply;paulie;0.8035983000299893
14;6000;multiply;paulie;0.8228466000291519
15;6000;multiply;paulie;0.8080508999992162
16;6000;multiply;paulie;0.8088760999962687
17;6000;multiply;paulie;0.8036867000046186
18;6000;multiply;paulie;0.8157960000098683
19;6000;multiply;paulie;0.8032840000232682
20;6000;multiply;paulie;0.7919370000017807
21;6000;multiply;paulie;0.8322612000047229
22;6000;multiply;paulie;0.7985941999941133
23;6000;multiply;paulie;0.8309466000064276
24;6000;multiply;paulie;0.8173348000273108
25;6000;multiply;paulie;0.8393637000117451
26;6000;multiply;paulie;0.8195281000225805
27;6000;multiply;paulie;0.8056830000132322
28;6000;multiply;paulie;0.8255375000298955
29;6000;multiply;paulie;0.8144259999971837
30;6000;multiply;paulie;0.7996990000247024
1;8000;multiply;paulie;0.8382606999948621
2;8000;multiply;paulie;0.8249201000435278
3;8000;multiply;paulie;0.8153595000039786
4;8000;multiply;paulie;0.8369655000278726
5;8000;multiply;paulie;0.8374682000139728
6;8000;multiply;paulie;0.8221751999808475
7;8000;multiply;paulie;0.8267397999879904
8;8000;multiply;paulie;0.8167865000432357
9;8000;multiply;paulie;0.8557908000075258
10;8000;multiply;paulie;0.8253476000390947
11;8000;multiply;paulie;0.8322577000362799
12;8000;multiply;paulie;0.8263014999683946
13;8000;multiply;paulie;0.8041033000336029
14;8000;multiply;paulie;0.8628887999802828
15;8000;multiply;paulie;0.8233462999924086
16;8000;multiply;paulie;0.8332968999748118
17;8000;multiply;paulie;0.8363835000200197
18;8000;multiply;paulie;0.8261705000186339
19;8000;multiply;paulie;0.8224383000051603
20;8000;multiply;paulie;0.8484655999927782
21;8000;multiply;paulie;0.8261614000075497
22;8000;multiply;paulie;0.8322729999781586
23;8000;multiply;paulie;0.8203180999844335
24;8000;multiply;paulie;0.8158268999541178
25;8000;multiply;paulie;0.8444568000268191
26;8000;multiply;paulie;0.8209703000029549
27;8000;multiply;paulie;0.8169880999485031
28;8000;multiply;paulie;0.8357889000326395
29;8000;multiply;paulie;0.8784494000137784
30;8000;multiply;paulie;0.8181095999898389
1;10000;multiply;paulie;0.8634705999866128
2;10000;multiply;paulie;1.0640922999591567
3;10000;multiply;paulie;0.8491474000038579
4;10000;multiply;paulie;0.8688459999975748
5;10000;multiply;paulie;0.897296599985566
6;10000;multiply;paulie;0.8487796999979764
7;10000;multiply;paulie;0.8862851000158116
8;10000;multiply;paulie;0.8709289000253193
9;10000;multiply;paulie;0.8391490000067279
10;10000;multiply;paulie;0.8568386000115424
11;10000;multiply;paulie;0.8689732999773696
12;10000;multiply;paulie;0.8455714999581687
13;10000;multiply;paulie;0.860564400034491
14;10000;multiply;paulie;0.8702984999981709
15;10000;multiply;paulie;1.0507697999710217
16;10000;multiply;paulie;0.8494397000176832
17;10000;multiply;paulie;0.8598443000228144
18;10000;multiply;paulie;0.8623050000169314
19;10000;multiply;paulie;0.8621343999984674
20;10000;multiply;paulie;0.8630226999521255
21;10000;multiply;paulie;0.8635968999587931
22;10000;multiply;paulie;0.8775882000336424
23;10000;multiply;paulie;0.8633958999998868
24;10000;multiply;paulie;0.8756703999824822
25;10000;multiply;paulie;0.881626199989114
26;10000;multiply;paulie;0.9086817000061274
27;10000;multiply;paulie;0.8673176000011154
28;10000;multiply;paulie;0.8629796999739483
29;10000;multiply;paulie;0.8545880999881774
30;10000;multiply;paulie;0.8850653999834321
1;12000;multiply;paulie;0.8801964999875054
2;12000;multiply;paulie;0.8720837999717332
3;12000;multiply;paulie;0.8856509999604896
4;12000;multiply;paulie;0.8762408999609761
5;12000;multiply;paulie;0.8747650999575853
6;12000;multiply;paulie;0.8956796000129543
7;12000;multiply;paulie;0.8999741000006907
8;12000;multiply;paulie;0.9030475000035949
9;12000;multiply;paulie;0.8571997000253759
10;12000;multiply;paulie;0.9193131999927573
11;12000;multiply;paulie;0.890011300041806
12;12000;multiply;paulie;0.9038998000323772
13;12000;multiply;paulie;0.8929380999761634
14;12000;multiply;paulie;0.8740955999819562
15;12000;multiply;paulie;0.8950646999874152
16;12000;multiply;paulie;0.8731199000030756
17;12000;multiply;paulie;0.8767383000231348
18;12000;multiply;paulie;0.8849896000465378
19;12000;multiply;paulie;0.9076678000274114
20;12000;multiply;paulie;0.8782176999957301
21;12000;multiply;paulie;0.8981985000427812
22;12000;multiply;paulie;0.8988665000069886
23;12000;multiply;paulie;0.8880421000067145
24;12000;multiply;paulie;0.8995884000323713
25;12000;multiply;paulie;0.8895100000081584
26;12000;multiply;paulie;0.9018789000110701
27;12000;multiply;paulie;0.8766156999627128
28;12000;multiply;paulie;0.8854607000248507
29;12000;multiply;paulie;0.8741141999489628
30;12000;multiply;paulie;0.8928089000401087
1;10;multiply;pauliarray;4.198646800010465
2;10;multiply;pauliarray;4.909583400003612
3;10;multiply;pauliarray;4.846141300047748
4;10;multiply;pauliarray;4.87088230001973
5;10;multiply;pauliarray;4.963679300039075
6;10;multiply;pauliarray;4.838633899984416
7;10;multiply;pauliarray;4.815190199995413
8;10;multiply;pauliarray;5.910561099997722
9;10;multiply;pauliarray;4.870808699983172
10;10;multiply;pauliarray;4.816637200012337
11;10;multiply;pauliarray;4.917913499986753
12;10;multiply;pauliarray;4.855595700035337
13;10;multiply;pauliarray;4.840680599969346
14;10;multiply;pauliarray;4.804417400038801
15;10;multiply;pauliarray;5.880949400016107
16;10;multiply;pauliarray;4.835397999966517
17;10;multiply;pauliarray;4.89374610001687
18;10;multiply;pauliarray;4.828415700001642
19;10;multiply;pauliarray;4.84946159995161
20;10;multiply;pauliarray;5.140398499963339
21;10;multiply;pauliarray;4.873442600015551
22;10;multiply;pauliarray;4.854199699999299
23;10;multiply;pauliarray;4.903229899995495
24;10;multiply;pauliarray;4.825676100037526
25;10;multiply;pauliarray;4.8213442999986
26;10;multiply;pauliarray;4.938701999955811
27;10;multiply;pauliarray;4.8763207999872975
28;10;multiply;pauliarray;4.8266513999551535
29;10;multiply;pauliarray;4.9008975000469945
30;10;multiply;pauliarray;4.908071100013331
1;100;multiply;pauliarray;4.392170000006445
2;100;multiply;pauliarray;5.678990899992641
3;100;multiply;pauliarray;4.899102199997287
4;100;multiply;pauliarray;4.917071899981238
5;100;multiply;pauliarray;4.924453899962828
6;100;multiply;pauliarray;4.858981499972288
7;100;multiply;pauliarray;4.930020900035743
8;100;multiply;pauliarray;6.038826500007417
9;100;multiply;pauliarray;5.138394800014794
10;100;multiply;pauliarray;4.866351799981203
11;100;multiply;pauliarray;4.8568148000049405
12;100;multiply;pauliarray;4.858172399981413
13;100;multiply;pauliarray;4.927857899980154
14;100;multiply;pauliarray;4.84030049998546
15;100;multiply;pauliarray;4.935910400003195
16;100;multiply;pauliarray;4.904355000006035
17;100;multiply;pauliarray;4.875058899982832
18;100;multiply;pauliarray;4.910421599983238
19;100;multiply;pauliarray;4.88552490004804
20;100;multiply;pauliarray;4.867905599996448
21;100;multiply;pauliarray;4.873887500027195
22;100;multiply;pauliarray;4.869159399997443
23;100;multiply;pauliarray;4.891133499972057
24;100;multiply;pauliarray;4.928738999995403
25;100;multiply;pauliarray;4.907602399995085
26;100;multiply;pauliarray;4.903002500010189
27;100;multiply;pauliarray;4.90250200004084
28;100;multiply;pauliarray;4.93098549998831
29;100;multiply;pauliarray;4.930323800013866
30;100;multiply;pauliarray;4.881760100019164
1;1000;multiply;pauliarray;5.561139600002207
2;1000;multiply;pauliarray;5.58703269995749
3;1000;multiply;pauliarray;5.567044499970507
4;1000;multiply;pauliarray;5.534764499985613
5;1000;multiply;pauliarray;5.633215899986681
6;1000;multiply;pauliarray;5.497731300012674
7;1000;multiply;pauliarray;5.5149976999964565
8;1000;multiply;pauliarray;5.500874300021678
9;1000;multiply;pauliarray;5.47936870000558
10;1000;multiply;pauliarray;5.503067600016948
11;1000;multiply;pauliarray;5.533098100044299
12;1000;multiply;pauliarray;5.515793600003235
13;1000;multiply;pauliarray;5.506085200002417
14;1000;multiply;pauliarray;5.552059900015593
15;1000;multiply;pauliarray;5.548929000040516
16;1000;multiply;pauliarray;5.525743499980308
17;1000;multiply;pauliarray;5.5487038000137545
18;1000;multiply;pauliarray;5.519609599956311
19;1000;multiply;pauliarray;5.510111799987499
20;1000;multiply;pauliarray;5.549539099971298
21;1000;multiply;pauliarray;5.651657900016289
22;1000;multiply;pauliarray;5.5285621000221
23;1000;multiply;pauliarray;5.658393300021999
24;1000;multiply;pauliarray;5.534667300002184
25;1000;multiply;pauliarray;5.516342999995686
26;1000;multiply;pauliarray;5.541176199971233
27;1000;multiply;pauliarray;5.516658500011545
28;1000;multiply;pauliarray;5.556229799985886
29;1000;multiply;pauliarray;5.604920500016306
30;1000;multiply;pauliarray;5.532152899948414
1;3000;multiply;pauliarray;5.806494700023904
2;3000;multiply;pauliarray;6.159649200038984
3;3000;multiply;pauliarray;6.107927499979269
4;3000;multiply;pauliarray;5.989940300001763
5;3000;multiply;pauliarray;5.879724099999294
6;3000;multiply;pauliarray;5.957835800014436
7;3000;multiply;pauliarray;5.864926999958698
8;3000;multiply;pauliarray;5.9507390999933705
9;3000;multiply;pauliarray;6.0166973999585025
10;3000;multiply;pauliarray;5.888963999983389
11;3000;multiply;pauliarray;5.886282699997537
12;3000;multiply;pauliarray;6.048464599996805
13;3000;multiply;pauliarray;5.885980000020936
14;3000;multiply;pauliarray;5.878039599978365
15;3000;multiply;pauliarray;5.863394599989988
16;3000;multiply;pauliarray;5.860218800022267
17;3000;multiply;pauliarray;5.957507800019812
18;3000;multiply;pauliarray;5.887676699960139
19;3000;multiply;pauliarray;5.9787455999758095
20;3000;multiply;pauliarray;5.930773100000806
21;3000;multiply;pauliarray;5.90097939997213
22;3000;multiply;pauliarray;5.902589200006332
23;3000;multiply;pauliarray;5.969626599980984
24;3000;multiply;pauliarray;5.872847700025886
25;3000;multiply;pauliarray;5.883528299978934
26;3000;multiply;pauliarray;5.927766599983443
27;3000;multiply;pauliarray;5.873323899984825
28;3000;multiply;pauliarray;5.8756994000286795
29;3000;multiply;pauliarray;5.918102400028147
30;3000;multiply;pauliarray;6.025252000021283
1;6000;multiply;pauliarray;6.375552999961656
2;6000;multiply;pauliarray;6.412583300028928
3;6000;multiply;pauliarray;6.5749991000047885
4;6000;multiply;pauliarray;6.387320599984378
5;6000;multiply;pauliarray;6.362032299977727
6;6000;multiply;pauliarray;6.748622499988414
7;6000;multiply;pauliarray;7.226584499992896
8;6000;multiply;pauliarray;6.496946000028402
9;6000;multiply;pauliarray;6.579009799985215
10;6000;multiply;pauliarray;6.341819900029805
11;6000;multiply;pauliarray;6.414075699984096
12;6000;multiply;pauliarray;6.393838900025003
13;6000;multiply;pauliarray;6.407315600023139
14;6000;multiply;pauliarray;9.67336559999967
15;6000;multiply;pauliarray;6.679873100016266
16;6000;multiply;pauliarray;6.425596799992491
17;6000;multiply;pauliarray;6.388502899964806
18;6000;multiply;pauliarray;6.3910315000102855
19;6000;multiply;pauliarray;6.4002370000234805
20;6000;multiply;pauliarray;6.512470000016037
21;6000;multiply;pauliarray;6.449351299961563
22;6000;multiply;pauliarray;6.412459200015292
23;6000;multiply;pauliarray;6.436745700018946
24;6000;multiply;pauliarray;6.411377600044943
25;6000;multiply;pauliarray;6.432809999969322
26;6000;multiply;pauliarray;6.387113599979784
27;6000;multiply;pauliarray;6.438093600037973
28;6000;multiply;pauliarray;6.383689500042237
29;6000;multiply;pauliarray;6.3940919999731705
30;6000;multiply;pauliarray;6.43575319997035
1;8000;multiply;pauliarray;6.616895199986175
2;8000;multiply;pauliarray;6.696890600025654
3;8000;multiply;pauliarray;6.720719199976884
4;8000;multiply;pauliarray;6.671003900002688
5;8000;multiply;pauliarray;6.767456299974583
6;8000;multiply;pauliarray;7.392809400043916
7;8000;multiply;pauliarray;6.691274700046051
8;8000;multiply;pauliarray;7.050085499999113
9;8000;multiply;pauliarray;6.687924599973485
10;8000;multiply;pauliarray;6.69867199996952
11;8000;multiply;pauliarray;6.674640499986708
12;8000;multiply;pauliarray;6.752674899995327
13;8000;multiply;pauliarray;6.684168000007048
14;8000;multiply;pauliarray;7.539919600007124
15;8000;multiply;pauliarray;6.7119946999591775
16;8000;multiply;pauliarray;6.722003599978052
17;8000;multiply;pauliarray;6.7013360999990255
18;8000;multiply;pauliarray;6.659032900002785
19;8000;multiply;pauliarray;6.669009100005496
20;8000;multiply;pauliarray;6.7501888000406325
21;8000;multiply;pauliarray;6.688971700030379
22;8000;multiply;pauliarray;7.690582799958065
23;8000;multiply;pauliarray;6.7402034000260755
24;8000;multiply;pauliarray;6.697776999964844
25;8000;multiply;pauliarray;6.684120199992321
26;8000;multiply;pauliarray;6.738895300019067
27;8000;multiply;pauliarray;6.709788599982858
28;8000;multiply;pauliarray;6.694019499991555
29;8000;multiply;pauliarray;6.72642000002088
30;8000;multiply;pauliarray;6.740852499962784
1;10000;multiply;pauliarray;7.339440900017507
2;10000;multiply;pauliarray;7.292331300035585
3;10000;multiply;pauliarray;7.318935899995267
4;10000;multiply;pauliarray;7.314106900012121
5;10000;multiply;pauliarray;7.2984335999935865
6;10000;multiply;pauliarray;7.281263199984096
7;10000;multiply;pauliarray;7.310365699988324
8;10000;multiply;pauliarray;7.799966899969149
9;10000;multiply;pauliarray;7.2387316999956965
10;10000;multiply;pauliarray;7.302780900034122
11;10000;multiply;pauliarray;7.294235200039111
12;10000;multiply;pauliarray;7.254536600026768
13;10000;multiply;pauliarray;7.376173499971628
14;10000;multiply;pauliarray;7.245111399970483
15;10000;multiply;pauliarray;7.262384000001475
16;10000;multiply;pauliarray;7.341694300004747
17;10000;multiply;pauliarray;7.270435499958694
18;10000;multiply;pauliarray;7.285475899989251
19;10000;multiply;pauliarray;7.3049299999838695
20;10000;multiply;pauliarray;7.309763099998236
21;10000;multiply;pauliarray;7.293762499990407
22;10000;multiply;pauliarray;7.410458399972413
23;10000;multiply;pauliarray;7.288873600016814
24;10000;multiply;pauliarray;7.316976299975067
25;10000;multiply;pauliarray;7.279232500004582
26;10000;multiply;pauliarray;7.342198800004553
27;10000;multiply;pauliarray;7.305664099985734
28;10000;multiply;pauliarray;7.31666710000718
29;10000;multiply;pauliarray;7.34197300003143
30;10000;multiply;pauliarray;7.301040500053205
1;12000;multiply;pauliarray;7.600790399999823
2;12000;multiply;pauliarray;7.677125499991234
3;12000;multiply;pauliarray;7.692140999948606
4;12000;multiply;pauliarray;7.703202900011092
5;12000;multiply;pauliarray;7.714789599995129
6;12000;multiply;pauliarray;7.775526600016747
7;12000;multiply;pauliarray;7.647606000013184
8;12000;multiply;pauliarray;7.675483800005168
9;12000;multiply;pauliarray;7.666361499985214
10;12000;multiply;pauliarray;7.799307500012219
11;12000;multiply;pauliarray;7.656833600020036
12;12000;multiply;pauliarray;7.689745400042739
13;12000;multiply;pauliarray;7.614124100015033
14;12000;multiply;pauliarray;7.581864099949598
15;12000;multiply;pauliarray;7.622423299995717
16;12000;multiply;pauliarray;7.680012000026181
17;12000;multiply;pauliarray;7.620003000018187
18;12000;multiply;pauliarray;7.623782000038773
19;12000;multiply;pauliarray;7.673802400007844
20;12000;multiply;pauliarray;7.558048799983226
21;12000;multiply;pauliarray;7.565160099999048
22;12000;multiply;pauliarray;7.622180000005756
23;12000;multiply;pauliarray;7.6180941999773495
24;12000;multiply;pauliarray;7.592998799984343
25;12000;multiply;pauliarray;7.5479155000066385
26;12000;multiply;pauliarray;7.553067500004545
27;12000;multiply;pauliarray;7.529454400006216
28;12000;multiply;pauliarray;7.634203499997966
29;12000;multiply;pauliarray;7.593450300046243
30;12000;multiply;pauliarray;8.066591700015124
